user_id,product_id,event_type,dwell_time,session_id,timestamp
USER_012,PROD_0009,add_to_cart,54,SESSION_0019,2026-08-24T18:08:15.174230
USER_030,PROD_0006,view_product,52,SESSION_0021,2026-08-24T18:12:15.174230
USER_030,PROD_0011,landing,107,SESSION_0003,2026-08-24T18:23:15.174230
USER_008,PROD_0012,view_product,79,SESSION_0010,2026-08-24T18:42:15.174230
USER_027,PROD_0003,view_product,51,SESSION_0001,2026-08-24T18:49:15.174230
USER_008,PROD_0010,completed,23,SESSION_0004,2026-08-24T19:08:15.174230
USER_028,PROD_0007,view_product,29,SESSION_0019,2026-08-24T19:26:15.174230
USER_020,PROD_0011,checkout,50,SESSION_0022,2026-08-24T19:30:15.174230
USER_011,PROD_0017,try_ar,76,SESSION_0002,2026-08-24T19:32:15.174230
USER_004,PROD_0004,add_to_cart,51,SESSION_0008,2026-08-24T19:52:15.174230
USER_013,PROD_0007,landing,69,SESSION_0019,2026-08-24T20:04:15.174230
USER_016,PROD_0005,checkout,104,SESSION_0006,2026-08-24T20:19:15.174230
USER_022,PROD_0016,payment,25,SESSION_0030,2026-08-24T20:35:15.174230
USER_026,PROD_0005,checkout,41,SESSION_0032,2026-08-24T20:48:15.174230
USER_029,PROD_0002,add_to_cart,24,SESSION_0023,2026-08-24T20:51:15.174230
USER_003,PROD_0019,view_product,104,SESSION_0041,2026-08-24T20:57:15.174230
USER_008,PROD_0015,browse_products,6,SESSION_0036,2026-08-24T20:58:15.174230
USER_025,PROD_0019,landing,40,SESSION_0044,2026-08-24T21:50:15.174230
USER_028,PROD_0013,try_ar,64,SESSION_0047,2026-08-24T22:01:15.174230
USER_015,PROD_0007,add_to_cart,108,SESSION_0037,2026-08-24T22:17:15.174230
USER_010,PROD_0012,add_to_cart,107,SESSION_0034,2026-08-24T22:34:15.174230
USER_017,PROD_0020,checkout,117,SESSION_0006,2026-08-24T23:08:15.174230
USER_022,PROD_0019,add_to_cart,75,SESSION_0026,2026-08-24T23:22:15.174230
USER_018,PROD_0008,view_product,27,SESSION_0049,2026-08-24T23:23:15.174230
USER_011,PROD_0006,landing,108,SESSION_0043,2026-08-24T23:44:15.174230
USER_016,PROD_0012,try_ar,50,SESSION_0001,2026-08-25T00:05:15.174230
USER_020,PROD_0015,add_to_cart,51,SESSION_0024,2026-08-25T00:12:15.174230
USER_010,PROD_0017,checkout,46,SESSION_0016,2026-08-25T00:20:15.174230
USER_011,PROD_0008,view_product,71,SESSION_0037,2026-08-25T00:24:15.174230
USER_021,PROD_0013,landing,26,SESSION_0012,2026-08-25T00:44:15.174230
USER_025,PROD_0011,landing,29,SESSION_0043,2026-08-25T00:48:15.174230
USER_001,PROD_0018,checkout,8,SESSION_0015,2026-08-25T01:08:15.174230
USER_030,PROD_0008,add_to_cart,20,SESSION_0042,2026-08-25T01:09:15.174230
USER_023,PROD_0014,landing,102,SESSION_0044,2026-08-25T01:09:15.174230
USER_016,PROD_0013,completed,116,SESSION_0019,2026-08-25T01:15:15.174230
USER_010,PROD_0006,checkout,118,SESSION_0012,2026-08-25T01:17:15.174230
USER_018,PROD_0007,add_to_cart,45,SESSION_0007,2026-08-25T01:28:15.174230
USER_014,PROD_0017,payment,25,SESSION_0030,2026-08-25T01:34:15.174230
USER_027,PROD_0017,payment,45,SESSION_0015,2026-08-25T01:40:15.174230
USER_025,PROD_0011,view_product,35,SESSION_0003,2026-08-25T01:55:15.174230
USER_008,PROD_0017,completed,24,SESSION_0026,2026-08-25T02:09:15.174230
USER_027,PROD_0001,add_to_cart,24,SESSION_0033,2026-08-25T02:54:15.174230
USER_016,PROD_0014,checkout,84,SESSION_0016,2026-08-25T03:03:15.174230
USER_003,PROD_0005,try_ar,74,SESSION_0050,2026-08-25T03:21:15.174230
USER_002,PROD_0001,view_product,38,SESSION_0011,2026-08-25T03:22:15.174230
USER_002,PROD_0018,add_to_cart,41,SESSION_0025,2026-08-25T03:38:15.174230
USER_023,PROD_0009,browse_products,16,SESSION_0019,2026-08-25T03:48:15.174230
USER_012,PROD_0017,landing,99,SESSION_0011,2026-08-25T04:03:15.174230
USER_024,PROD_0008,landing,48,SESSION_0001,2026-08-25T04:22:15.174230
USER_020,PROD_0005,add_to_cart,7,SESSION_0050,2026-08-25T04:23:15.174230
USER_012,PROD_0003,add_to_cart,105,SESSION_0034,2026-08-25T04:27:15.174230
USER_028,PROD_0016,add_to_cart,5,SESSION_0016,2026-08-25T04:29:15.174230
USER_019,PROD_0013,completed,80,SESSION_0041,2026-08-25T04:44:15.174230
USER_003,PROD_0013,browse_products,73,SESSION_0034,2026-08-25T04:51:15.174230
USER_001,PROD_0009,try_ar,41,SESSION_0036,2026-08-25T05:02:15.174230
USER_004,PROD_0020,add_to_cart,110,SESSION_0044,2026-08-25T05:04:15.174230
USER_005,PROD_0017,landing,68,SESSION_0041,2026-08-25T05:06:15.174230
USER_028,PROD_0003,view_product,84,SESSION_0043,2026-08-25T05:07:15.174230
USER_003,PROD_0005,landing,21,SESSION_0006,2026-08-25T05:12:15.174230
USER_030,PROD_0018,completed,55,SESSION_0033,2026-08-25T05:14:15.174230
USER_013,PROD_0001,completed,10,SESSION_0020,2026-08-25T05:17:15.174230
USER_013,PROD_0016,payment,38,SESSION_0020,2026-08-25T05:27:15.174230
USER_027,PROD_0013,try_ar,48,SESSION_0015,2026-08-25T05:31:15.174230
USER_025,PROD_0007,landing,21,SESSION_0026,2026-08-25T05:31:15.174230
USER_014,PROD_0012,try_ar,94,SESSION_0035,2026-08-25T05:55:15.174230
USER_005,PROD_0016,payment,94,SESSION_0030,2026-08-25T06:10:15.174230
USER_012,PROD_0006,try_ar,1,SESSION_0046,2026-08-25T06:30:15.174230
USER_007,PROD_0012,view_product,0,SESSION_0032,2026-08-25T06:36:15.174230
USER_014,PROD_0015,view_product,47,SESSION_0045,2026-08-25T06:53:15.174230
USER_013,PROD_0005,try_ar,49,SESSION_0020,2026-08-25T07:02:15.174230
USER_012,PROD_0017,completed,116,SESSION_0050,2026-08-25T07:15:15.174230
USER_016,PROD_0006,try_ar,91,SESSION_0026,2026-08-25T07:21:15.174230
USER_025,PROD_0017,payment,26,SESSION_0006,2026-08-25T07:30:15.174230
USER_023,PROD_0011,landing,62,SESSION_0019,2026-08-25T07:39:15.174230
USER_006,PROD_0017,add_to_cart,49,SESSION_0037,2026-08-25T07:50:15.174230
USER_004,PROD_0018,browse_products,54,SESSION_0019,2026-08-25T07:50:15.174230
USER_002,PROD_0002,landing,118,SESSION_0010,2026-08-25T08:04:15.174230
USER_016,PROD_0012,view_product,117,SESSION_0039,2026-08-25T08:05:15.174230
USER_014,PROD_0014,try_ar,72,SESSION_0031,2026-08-25T08:19:15.174230
USER_024,PROD_0017,add_to_cart,30,SESSION_0009,2026-08-25T08:56:15.174230
USER_019,PROD_0004,checkout,73,SESSION_0035,2026-08-25T09:43:15.174230
USER_023,PROD_0007,payment,71,SESSION_0028,2026-08-25T10:01:15.174230
USER_022,PROD_0018,view_product,46,SESSION_0042,2026-08-25T10:10:15.174230
USER_007,PROD_0013,payment,60,SESSION_0040,2026-08-25T10:19:15.174230
USER_003,PROD_0020,landing,94,SESSION_0015,2026-08-25T10:26:15.174230
USER_010,PROD_0007,completed,23,SESSION_0046,2026-08-25T10:36:15.174230
USER_026,PROD_0005,landing,107,SESSION_0044,2026-08-25T10:40:15.174230
USER_015,PROD_0020,try_ar,1,SESSION_0040,2026-08-25T10:53:15.174230
USER_019,PROD_0019,landing,6,SESSION_0036,2026-08-25T10:55:15.174230
USER_014,PROD_0013,payment,84,SESSION_0011,2026-08-25T11:05:15.174230
USER_006,PROD_0013,browse_products,17,SESSION_0001,2026-08-25T11:09:15.174230
USER_022,PROD_0015,completed,97,SESSION_0007,2026-08-25T11:15:15.174230
USER_026,PROD_0019,payment,77,SESSION_0007,2026-08-25T11:34:15.174230
USER_022,PROD_0007,browse_products,62,SESSION_0033,2026-08-25T11:46:15.174230
USER_022,PROD_0003,view_product,30,SESSION_0010,2026-08-25T11:57:15.174230
USER_008,PROD_0018,view_product,115,SESSION_0021,2026-08-25T12:18:15.174230
USER_008,PROD_0015,payment,115,SESSION_0001,2026-08-25T12:21:15.174230
USER_013,PROD_0015,completed,86,SESSION_0009,2026-08-25T12:34:15.174230
USER_030,PROD_0019,add_to_cart,109,SESSION_0039,2026-08-25T12:38:15.174230
USER_005,PROD_0003,browse_products,15,SESSION_0001,2026-08-25T12:40:15.174230
USER_017,PROD_0002,try_ar,20,SESSION_0043,2026-08-25T12:56:15.174230
USER_007,PROD_0020,try_ar,72,SESSION_0031,2026-08-25T13:38:15.174230
USER_021,PROD_0014,payment,49,SESSION_0044,2026-08-25T13:40:15.174230
USER_013,PROD_0012,completed,103,SESSION_0020,2026-08-25T13:50:15.174230
USER_004,PROD_0020,landing,111,SESSION_0024,2026-08-25T13:53:15.174230
USER_021,PROD_0011,payment,87,SESSION_0049,2026-08-25T13:54:15.174230
USER_016,PROD_0020,try_ar,5,SESSION_0007,2026-08-25T14:03:15.174230
USER_027,PROD_0006,try_ar,66,SESSION_0004,2026-08-25T14:09:15.174230
USER_015,PROD_0019,view_product,113,SESSION_0045,2026-08-25T15:19:15.174230
USER_006,PROD_0014,landing,86,SESSION_0015,2026-08-25T15:28:15.174230
USER_013,PROD_0007,completed,111,SESSION_0003,2026-08-25T15:34:15.174230
USER_018,PROD_0009,landing,118,SESSION_0011,2026-08-25T15:44:15.174230
USER_030,PROD_0020,completed,25,SESSION_0033,2026-08-25T15:56:15.174230
USER_018,PROD_0020,landing,40,SESSION_0026,2026-08-25T15:58:15.174230
USER_006,PROD_0017,landing,45,SESSION_0037,2026-08-25T16:05:15.174230
USER_022,PROD_0020,browse_products,112,SESSION_0014,2026-08-25T16:20:15.174230
USER_019,PROD_0003,payment,66,SESSION_0023,2026-08-25T16:24:15.174230
USER_016,PROD_0014,add_to_cart,105,SESSION_0023,2026-08-25T16:46:15.174230
USER_029,PROD_0015,add_to_cart,17,SESSION_0009,2026-08-25T17:01:15.174230
USER_024,PROD_0002,checkout,21,SESSION_0048,2026-08-25T17:32:15.174230
USER_021,PROD_0020,landing,16,SESSION_0011,2026-08-25T17:59:15.174230
USER_020,PROD_0014,payment,2,SESSION_0034,2026-08-25T18:02:15.174230
USER_009,PROD_0003,payment,61,SESSION_0010,2026-08-25T18:10:15.174230
USER_011,PROD_0016,try_ar,18,SESSION_0028,2026-08-25T18:11:15.174230
USER_010,PROD_0011,payment,94,SESSION_0032,2026-08-25T18:15:15.174230
USER_030,PROD_0005,view_product,75,SESSION_0042,2026-08-25T18:21:15.174230
USER_004,PROD_0007,checkout,34,SESSION_0004,2026-08-25T18:22:15.174230
USER_022,PROD_0008,view_product,48,SESSION_0043,2026-08-25T18:47:15.174230
USER_015,PROD_0003,completed,26,SESSION_0003,2026-08-25T19:54:15.174230
USER_015,PROD_0002,try_ar,99,SESSION_0023,2026-08-25T20:03:15.174230
USER_007,PROD_0011,payment,110,SESSION_0032,2026-08-25T20:19:15.174230
USER_028,PROD_0019,view_product,13,SESSION_0032,2026-08-25T20:26:15.174230
USER_012,PROD_0008,add_to_cart,25,SESSION_0005,2026-08-25T20:27:15.174230
USER_028,PROD_0017,view_product,43,SESSION_0034,2026-08-25T20:30:15.174230
USER_014,PROD_0004,payment,91,SESSION_0011,2026-08-25T20:57:15.174230
USER_004,PROD_0001,checkout,87,SESSION_0039,2026-08-25T21:04:15.174230
USER_028,PROD_0001,browse_products,60,SESSION_0042,2026-08-25T21:51:15.174230
USER_007,PROD_0008,browse_products,9,SESSION_0035,2026-08-25T22:16:15.174230
USER_029,PROD_0011,view_product,57,SESSION_0036,2026-08-25T22:20:15.174230
USER_004,PROD_0020,payment,86,SESSION_0028,2026-08-25T22:30:15.174230
USER_028,PROD_0002,browse_products,40,SESSION_0024,2026-08-25T22:30:15.174230
USER_022,PROD_0016,try_ar,22,SESSION_0006,2026-08-25T22:35:15.174230
USER_030,PROD_0007,completed,9,SESSION_0009,2026-08-25T22:45:15.174230
USER_023,PROD_0014,payment,33,SESSION_0048,2026-08-25T22:49:15.174230
USER_002,PROD_0004,try_ar,77,SESSION_0001,2026-08-25T23:09:15.174230
USER_024,PROD_0015,checkout,8,SESSION_0005,2026-08-25T23:12:15.174230
USER_030,PROD_0020,browse_products,96,SESSION_0009,2026-08-25T23:20:15.174230
USER_004,PROD_0015,completed,75,SESSION_0019,2026-08-25T23:28:15.174230
USER_001,PROD_0016,add_to_cart,77,SESSION_0019,2026-08-25T23:49:15.174230
USER_017,PROD_0020,landing,30,SESSION_0012,2026-08-25T23:50:15.174230
USER_023,PROD_0019,view_product,102,SESSION_0018,2026-08-26T00:02:15.174230
USER_028,PROD_0012,view_product,80,SESSION_0039,2026-08-26T00:35:15.174230
USER_026,PROD_0013,browse_products,94,SESSION_0019,2026-08-26T00:44:15.174230
USER_015,PROD_0014,checkout,95,SESSION_0026,2026-08-26T00:53:15.174230
USER_013,PROD_0020,view_product,23,SESSION_0043,2026-08-26T01:08:15.174230
USER_009,PROD_0011,view_product,77,SESSION_0027,2026-08-26T01:30:15.174230
USER_025,PROD_0007,completed,4,SESSION_0020,2026-08-26T01:39:15.174230
USER_022,PROD_0005,checkout,92,SESSION_0040,2026-08-26T02:04:15.174230
USER_005,PROD_0006,payment,82,SESSION_0013,2026-08-26T02:12:15.174230
USER_018,PROD_0004,add_to_cart,21,SESSION_0015,2026-08-26T02:18:15.174230
USER_008,PROD_0004,try_ar,22,SESSION_0008,2026-08-26T02:19:15.174230
USER_008,PROD_0010,landing,81,SESSION_0032,2026-08-26T02:36:15.174230
USER_001,PROD_0012,view_product,22,SESSION_0040,2026-08-26T02:42:15.174230
USER_028,PROD_0004,landing,28,SESSION_0012,2026-08-26T03:01:15.174230
USER_020,PROD_0016,add_to_cart,14,SESSION_0017,2026-08-26T03:03:15.174230
USER_004,PROD_0007,browse_products,84,SESSION_0036,2026-08-26T03:03:15.174230
USER_027,PROD_0005,try_ar,39,SESSION_0006,2026-08-26T03:10:15.174230
USER_006,PROD_0006,completed,33,SESSION_0041,2026-08-26T03:18:15.174230
USER_015,PROD_0016,view_product,53,SESSION_0030,2026-08-26T03:24:15.174230
USER_002,PROD_0019,try_ar,15,SESSION_0045,2026-08-26T03:48:15.174230
USER_011,PROD_0018,payment,115,SESSION_0005,2026-08-26T04:08:15.174230
USER_022,PROD_0017,view_product,13,SESSION_0021,2026-08-26T04:11:15.174230
USER_017,PROD_0003,try_ar,92,SESSION_0042,2026-08-26T04:26:15.174230
USER_009,PROD_0012,landing,91,SESSION_0049,2026-08-26T04:56:15.174230
USER_021,PROD_0016,try_ar,108,SESSION_0034,2026-08-26T05:06:15.174230
USER_010,PROD_0005,try_ar,71,SESSION_0029,2026-08-26T05:07:15.174230
USER_014,PROD_0004,payment,97,SESSION_0001,2026-08-26T05:46:15.174230
USER_026,PROD_0004,payment,35,SESSION_0029,2026-08-26T06:00:15.174230
USER_002,PROD_0010,view_product,107,SESSION_0025,2026-08-26T06:15:15.174230
USER_007,PROD_0010,payment,8,SESSION_0037,2026-08-26T06:20:15.174230
USER_006,PROD_0007,completed,59,SESSION_0001,2026-08-26T06:23:15.174230
USER_025,PROD_0017,add_to_cart,43,SESSION_0004,2026-08-26T06:30:15.174230
USER_016,PROD_0019,try_ar,17,SESSION_0041,2026-08-26T06:36:15.174230
USER_006,PROD_0013,browse_products,0,SESSION_0004,2026-08-26T06:38:15.174230
USER_030,PROD_0005,browse_products,93,SESSION_0003,2026-08-26T06:49:15.174230
USER_022,PROD_0012,payment,81,SESSION_0022,2026-08-26T07:00:15.174230
USER_024,PROD_0013,browse_products,7,SESSION_0040,2026-08-26T07:16:15.174230
USER_012,PROD_0014,landing,49,SESSION_0001,2026-08-26T07:21:15.174230
USER_026,PROD_0009,payment,115,SESSION_0039,2026-08-26T07:37:15.174230
USER_012,PROD_0018,landing,9,SESSION_0011,2026-08-26T07:43:15.174230
USER_003,PROD_0013,completed,118,SESSION_0034,2026-08-26T07:52:15.174230
USER_023,PROD_0014,checkout,59,SESSION_0013,2026-08-26T08:01:15.174230
USER_024,PROD_0015,completed,48,SESSION_0045,2026-08-26T08:06:15.174230
USER_016,PROD_0016,checkout,68,SESSION_0020,2026-08-26T08:22:15.174230
USER_012,PROD_0004,add_to_cart,68,SESSION_0010,2026-08-26T08:25:15.174230
USER_016,PROD_0015,try_ar,15,SESSION_0012,2026-08-26T08:31:15.174230
USER_013,PROD_0003,add_to_cart,1,SESSION_0020,2026-08-26T08:34:15.174230
USER_006,PROD_0019,checkout,14,SESSION_0038,2026-08-26T08:45:15.174230
USER_006,PROD_0001,landing,118,SESSION_0017,2026-08-26T08:53:15.174230
USER_014,PROD_0019,add_to_cart,79,SESSION_0049,2026-08-26T09:54:15.174230
USER_024,PROD_0007,landing,1,SESSION_0017,2026-08-26T10:11:15.174230
USER_021,PROD_0017,try_ar,30,SESSION_0003,2026-08-26T10:13:15.174230
USER_023,PROD_0010,view_product,59,SESSION_0015,2026-08-26T10:26:15.174230
USER_019,PROD_0010,try_ar,115,SESSION_0019,2026-08-26T10:43:15.174230
USER_001,PROD_0016,payment,102,SESSION_0014,2026-08-26T10:58:15.174230
USER_030,PROD_0002,completed,17,SESSION_0032,2026-08-26T11:26:15.174230
USER_028,PROD_0018,landing,6,SESSION_0034,2026-08-26T11:36:15.174230
USER_028,PROD_0007,view_product,5,SESSION_0027,2026-08-26T12:14:15.174230
USER_028,PROD_0010,landing,80,SESSION_0043,2026-08-26T12:33:15.174230
USER_009,PROD_0012,completed,69,SESSION_0025,2026-08-26T12:44:15.174230
USER_014,PROD_0009,landing,39,SESSION_0017,2026-08-26T12:52:15.174230
USER_005,PROD_0016,view_product,118,SESSION_0005,2026-08-26T13:04:15.174230
USER_018,PROD_0004,payment,96,SESSION_0035,2026-08-26T13:30:15.174230
USER_012,PROD_0009,view_product,94,SESSION_0023,2026-08-26T13:41:15.174230
USER_018,PROD_0003,checkout,2,SESSION_0026,2026-08-26T13:53:15.174230
USER_016,PROD_0020,landing,83,SESSION_0006,2026-08-26T14:15:15.174230
USER_027,PROD_0003,try_ar,62,SESSION_0048,2026-08-26T14:19:15.174230
USER_004,PROD_0018,checkout,3,SESSION_0032,2026-08-26T14:26:15.174230
USER_013,PROD_0008,payment,4,SESSION_0024,2026-08-26T15:08:15.174230
USER_011,PROD_0004,completed,69,SESSION_0032,2026-08-26T15:11:15.174230
USER_029,PROD_0003,completed,113,SESSION_0025,2026-08-26T15:37:15.174230
USER_019,PROD_0004,view_product,59,SESSION_0007,2026-08-26T15:52:15.174230
USER_012,PROD_0002,try_ar,5,SESSION_0048,2026-08-26T16:10:15.174230
USER_025,PROD_0019,landing,76,SESSION_0039,2026-08-26T16:15:15.174230
USER_030,PROD_0001,checkout,0,SESSION_0010,2026-08-26T16:29:15.174230
USER_027,PROD_0011,landing,7,SESSION_0029,2026-08-26T16:55:15.174230
USER_018,PROD_0002,completed,83,SESSION_0006,2026-08-26T16:58:15.174230
USER_016,PROD_0017,try_ar,64,SESSION_0018,2026-08-26T17:03:15.174230
USER_004,PROD_0013,landing,110,SESSION_0017,2026-08-26T17:24:15.174230
USER_030,PROD_0017,checkout,67,SESSION_0029,2026-08-26T17:35:15.174230
USER_011,PROD_0014,checkout,55,SESSION_0042,2026-08-26T17:48:15.174230
USER_003,PROD_0012,browse_products,26,SESSION_0028,2026-08-26T17:58:15.174230
USER_010,PROD_0017,landing,93,SESSION_0018,2026-08-26T18:14:15.174230
USER_020,PROD_0018,browse_products,15,SESSION_0011,2026-08-26T18:14:15.174230
USER_024,PROD_0002,view_product,68,SESSION_0047,2026-08-26T18:17:15.174230
USER_017,PROD_0003,add_to_cart,77,SESSION_0025,2026-08-26T18:29:15.174230
USER_015,PROD_0018,payment,43,SESSION_0032,2026-08-26T18:43:15.174230
USER_007,PROD_0008,landing,95,SESSION_0019,2026-08-26T18:52:15.174230
USER_025,PROD_0006,completed,74,SESSION_0024,2026-08-26T18:56:15.174230
USER_019,PROD_0009,checkout,117,SESSION_0037,2026-08-26T18:59:15.174230
USER_025,PROD_0013,completed,10,SESSION_0029,2026-08-26T19:17:15.174230
USER_027,PROD_0005,payment,23,SESSION_0014,2026-08-26T19:25:15.174230
USER_001,PROD_0007,add_to_cart,79,SESSION_0050,2026-08-26T19:27:15.174230
USER_001,PROD_0013,landing,49,SESSION_0021,2026-08-26T19:59:15.174230
USER_006,PROD_0013,landing,103,SESSION_0030,2026-08-26T20:08:15.174230
USER_024,PROD_0014,payment,115,SESSION_0043,2026-08-26T20:33:15.174230
USER_027,PROD_0004,completed,108,SESSION_0016,2026-08-26T20:40:15.174230
USER_007,PROD_0011,try_ar,28,SESSION_0008,2026-08-26T20:47:15.174230
USER_018,PROD_0017,view_product,100,SESSION_0028,2026-08-26T21:11:15.174230
USER_008,PROD_0005,browse_products,38,SESSION_0025,2026-08-26T21:40:15.174230
USER_002,PROD_0009,view_product,16,SESSION_0003,2026-08-26T21:57:15.174230
USER_009,PROD_0005,view_product,16,SESSION_0004,2026-08-26T22:00:15.174230
USER_007,PROD_0020,try_ar,43,SESSION_0004,2026-08-26T22:08:15.174230
USER_025,PROD_0015,browse_products,96,SESSION_0032,2026-08-26T22:32:15.174230
USER_018,PROD_0010,payment,120,SESSION_0007,2026-08-26T22:43:15.174230
USER_018,PROD_0019,view_product,44,SESSION_0036,2026-08-26T22:49:15.174230
USER_007,PROD_0020,landing,42,SESSION_0008,2026-08-26T22:51:15.174230
USER_017,PROD_0014,payment,57,SESSION_0050,2026-08-26T22:51:15.174230
USER_027,PROD_0008,completed,105,SESSION_0005,2026-08-26T22:52:15.174230
USER_008,PROD_0001,landing,50,SESSION_0020,2026-08-26T22:56:15.174230
USER_030,PROD_0008,checkout,64,SESSION_0045,2026-08-26T23:00:15.174230
USER_020,PROD_0012,view_product,107,SESSION_0010,2026-08-26T23:36:15.174230
USER_004,PROD_0014,try_ar,18,SESSION_0035,2026-08-26T23:41:15.174230
USER_017,PROD_0019,add_to_cart,3,SESSION_0009,2026-08-26T23:46:15.174230
USER_015,PROD_0008,completed,23,SESSION_0023,2026-08-27T00:01:15.174230
USER_013,PROD_0003,browse_products,43,SESSION_0009,2026-08-27T00:15:15.174230
USER_020,PROD_0011,browse_products,42,SESSION_0019,2026-08-27T00:15:15.174230
USER_023,PROD_0020,payment,25,SESSION_0005,2026-08-27T00:16:15.174230
USER_009,PROD_0005,payment,112,SESSION_0030,2026-08-27T00:16:15.174230
USER_005,PROD_0017,try_ar,79,SESSION_0041,2026-08-27T00:25:15.174230
USER_006,PROD_0002,checkout,57,SESSION_0032,2026-08-27T00:27:15.174230
USER_029,PROD_0015,payment,105,SESSION_0040,2026-08-27T00:30:15.174230
USER_009,PROD_0017,payment,3,SESSION_0015,2026-08-27T00:38:15.174230
USER_020,PROD_0002,completed,57,SESSION_0038,2026-08-27T00:42:15.174230
USER_001,PROD_0019,try_ar,79,SESSION_0012,2026-08-27T01:14:15.174230
USER_029,PROD_0020,landing,48,SESSION_0015,2026-08-27T01:17:15.174230
USER_027,PROD_0012,browse_products,30,SESSION_0032,2026-08-27T01:52:15.174230
USER_016,PROD_0020,completed,36,SESSION_0033,2026-08-27T02:19:15.174230
USER_006,PROD_0006,completed,65,SESSION_0028,2026-08-27T02:20:15.174230
USER_030,PROD_0010,completed,44,SESSION_0017,2026-08-27T02:24:15.174230
USER_028,PROD_0009,completed,50,SESSION_0030,2026-08-27T02:38:15.174230
USER_005,PROD_0005,checkout,100,SESSION_0002,2026-08-27T02:40:15.174230
USER_019,PROD_0013,payment,102,SESSION_0045,2026-08-27T03:16:15.174230
USER_021,PROD_0007,add_to_cart,15,SESSION_0020,2026-08-27T03:35:15.174230
USER_004,PROD_0017,landing,84,SESSION_0045,2026-08-27T04:15:15.174230
USER_025,PROD_0012,try_ar,0,SESSION_0024,2026-08-27T04:28:15.174230
USER_030,PROD_0007,browse_products,113,SESSION_0022,2026-08-27T04:29:15.174230
USER_017,PROD_0018,try_ar,32,SESSION_0036,2026-08-27T04:33:15.174230
USER_013,PROD_0006,payment,97,SESSION_0041,2026-08-27T04:49:15.174230
USER_018,PROD_0017,completed,46,SESSION_0019,2026-08-27T05:02:15.174230
USER_017,PROD_0014,try_ar,37,SESSION_0033,2026-08-27T05:03:15.174230
USER_002,PROD_0007,add_to_cart,119,SESSION_0030,2026-08-27T05:06:15.174230
USER_018,PROD_0005,checkout,93,SESSION_0020,2026-08-27T05:09:15.174230
USER_017,PROD_0003,payment,96,SESSION_0037,2026-08-27T05:12:15.174230
USER_009,PROD_0008,view_product,0,SESSION_0035,2026-08-27T05:18:15.174230
USER_024,PROD_0017,completed,56,SESSION_0029,2026-08-27T05:30:15.174230
USER_021,PROD_0004,add_to_cart,27,SESSION_0027,2026-08-27T05:50:15.174230
USER_011,PROD_0009,landing,68,SESSION_0030,2026-08-27T06:13:15.174230
USER_014,PROD_0009,view_product,19,SESSION_0038,2026-08-27T06:28:15.174230
USER_021,PROD_0002,add_to_cart,102,SESSION_0037,2026-08-27T06:35:15.174230
USER_024,PROD_0012,browse_products,88,SESSION_0009,2026-08-27T06:51:15.174230
USER_026,PROD_0016,payment,70,SESSION_0029,2026-08-27T06:57:15.174230
USER_010,PROD_0011,completed,7,SESSION_0002,2026-08-27T07:11:15.174230
USER_028,PROD_0019,try_ar,33,SESSION_0008,2026-08-27T07:28:15.174230
USER_019,PROD_0020,try_ar,74,SESSION_0039,2026-08-27T07:42:15.174230
USER_011,PROD_0001,completed,78,SESSION_0042,2026-08-27T07:49:15.174230
USER_024,PROD_0001,add_to_cart,71,SESSION_0002,2026-08-27T07:49:15.174230
USER_022,PROD_0015,landing,98,SESSION_0023,2026-08-27T07:59:15.174230
USER_003,PROD_0003,view_product,41,SESSION_0023,2026-08-27T08:27:15.174230
USER_002,PROD_0005,browse_products,94,SESSION_0011,2026-08-27T08:33:15.174230
USER_003,PROD_0006,landing,24,SESSION_0017,2026-08-27T08:42:15.174230
USER_009,PROD_0005,view_product,43,SESSION_0008,2026-08-27T09:07:15.174230
USER_023,PROD_0012,browse_products,23,SESSION_0050,2026-08-27T09:08:15.174230
USER_014,PROD_0013,completed,31,SESSION_0018,2026-08-27T09:10:15.174230
USER_017,PROD_0005,browse_products,63,SESSION_0050,2026-08-27T09:15:15.174230
USER_019,PROD_0015,view_product,53,SESSION_0050,2026-08-27T09:18:15.174230
USER_026,PROD_0004,completed,67,SESSION_0017,2026-08-27T09:41:15.174230
USER_007,PROD_0001,checkout,6,SESSION_0003,2026-08-27T09:48:15.174230
USER_026,PROD_0015,landing,103,SESSION_0017,2026-08-27T09:58:15.174230
USER_007,PROD_0019,completed,116,SESSION_0024,2026-08-27T10:01:15.174230
USER_030,PROD_0005,checkout,97,SESSION_0006,2026-08-27T10:14:15.174230
USER_013,PROD_0015,view_product,57,SESSION_0040,2026-08-27T10:17:15.174230
USER_017,PROD_0020,checkout,117,SESSION_0010,2026-08-27T10:22:15.174230
USER_009,PROD_0008,browse_products,16,SESSION_0045,2026-08-27T10:43:15.174230
USER_028,PROD_0002,payment,82,SESSION_0001,2026-08-27T10:53:15.174230
USER_002,PROD_0005,add_to_cart,90,SESSION_0021,2026-08-27T10:58:15.174230
USER_008,PROD_0010,payment,45,SESSION_0023,2026-08-27T11:20:15.174230
USER_024,PROD_0020,try_ar,81,SESSION_0038,2026-08-27T11:40:15.174230
USER_007,PROD_0012,checkout,79,SESSION_0012,2026-08-27T11:46:15.174230
USER_019,PROD_0009,completed,22,SESSION_0023,2026-08-27T12:15:15.174230
USER_016,PROD_0012,landing,69,SESSION_0047,2026-08-27T12:33:15.174230
USER_007,PROD_0006,completed,109,SESSION_0005,2026-08-27T12:56:15.174230
USER_025,PROD_0004,browse_products,43,SESSION_0049,2026-08-27T13:04:15.174230
USER_028,PROD_0006,try_ar,27,SESSION_0004,2026-08-27T13:09:15.174230
USER_020,PROD_0003,landing,5,SESSION_0035,2026-08-27T13:19:15.174230
USER_002,PROD_0018,payment,119,SESSION_0024,2026-08-27T13:36:15.174230
USER_026,PROD_0009,completed,62,SESSION_0008,2026-08-27T13:44:15.174230
USER_009,PROD_0009,add_to_cart,79,SESSION_0025,2026-08-27T14:01:15.174230
USER_008,PROD_0012,add_to_cart,85,SESSION_0009,2026-08-27T14:04:15.174230
USER_007,PROD_0016,browse_products,114,SESSION_0040,2026-08-27T14:41:15.174230
USER_023,PROD_0017,view_product,103,SESSION_0011,2026-08-27T15:11:15.174230
USER_007,PROD_0010,landing,76,SESSION_0050,2026-08-27T15:26:15.174230
USER_023,PROD_0017,browse_products,29,SESSION_0048,2026-08-27T15:35:15.174230
USER_022,PROD_0003,landing,61,SESSION_0037,2026-08-27T15:39:15.174230
USER_016,PROD_0013,browse_products,96,SESSION_0036,2026-08-27T15:54:15.174230
USER_014,PROD_0006,try_ar,99,SESSION_0040,2026-08-27T16:15:15.174230
USER_009,PROD_0019,try_ar,34,SESSION_0017,2026-08-27T16:19:15.174230
USER_013,PROD_0010,landing,83,SESSION_0027,2026-08-27T16:27:15.174230
USER_028,PROD_0004,payment,53,SESSION_0038,2026-08-27T16:46:15.174230
USER_002,PROD_0019,landing,32,SESSION_0023,2026-08-27T17:03:15.174230
USER_023,PROD_0015,add_to_cart,18,SESSION_0007,2026-08-27T17:07:15.174230
USER_011,PROD_0018,landing,117,SESSION_0004,2026-08-27T17:35:15.174230
USER_028,PROD_0008,payment,107,SESSION_0016,2026-08-27T17:44:15.174230
USER_028,PROD_0004,view_product,38,SESSION_0001,2026-08-27T17:48:15.174230
USER_016,PROD_0006,view_product,11,SESSION_0007,2026-08-27T18:05:15.174230
USER_025,PROD_0005,landing,39,SESSION_0038,2026-08-27T18:23:15.174230
USER_003,PROD_0008,payment,36,SESSION_0047,2026-08-27T18:29:15.174230
USER_009,PROD_0015,try_ar,65,SESSION_0008,2026-08-27T18:44:15.174230
USER_009,PROD_0012,view_product,87,SESSION_0037,2026-08-27T18:46:15.174230
USER_009,PROD_0006,landing,96,SESSION_0005,2026-08-27T19:14:15.174230
USER_011,PROD_0019,checkout,64,SESSION_0035,2026-08-27T19:22:15.174230
USER_001,PROD_0003,landing,16,SESSION_0023,2026-08-27T19:34:15.174230
USER_018,PROD_0012,completed,31,SESSION_0014,2026-08-27T19:38:15.174230
USER_007,PROD_0011,landing,22,SESSION_0039,2026-08-27T19:41:15.174230
USER_016,PROD_0017,payment,25,SESSION_0009,2026-08-27T19:49:15.174230
USER_024,PROD_0020,browse_products,32,SESSION_0016,2026-08-27T20:00:15.174230
USER_021,PROD_0016,checkout,7,SESSION_0010,2026-08-27T20:03:15.174230
USER_023,PROD_0009,view_product,117,SESSION_0008,2026-08-27T20:06:15.174230
USER_029,PROD_0008,payment,102,SESSION_0026,2026-08-27T20:12:15.174230
USER_018,PROD_0001,add_to_cart,31,SESSION_0024,2026-08-27T20:26:15.174230
USER_003,PROD_0010,checkout,83,SESSION_0050,2026-08-27T20:44:15.174230
USER_018,PROD_0004,add_to_cart,112,SESSION_0041,2026-08-27T20:56:15.174230
USER_027,PROD_0006,view_product,98,SESSION_0044,2026-08-27T21:03:15.174230
USER_020,PROD_0020,landing,46,SESSION_0030,2026-08-27T21:04:15.174230
USER_023,PROD_0015,try_ar,23,SESSION_0010,2026-08-27T21:04:15.174230
USER_016,PROD_0004,browse_products,62,SESSION_0026,2026-08-27T21:05:15.174230
USER_023,PROD_0016,completed,81,SESSION_0028,2026-08-27T21:15:15.174230
USER_002,PROD_0018,try_ar,71,SESSION_0033,2026-08-27T21:25:15.174230
USER_025,PROD_0018,add_to_cart,54,SESSION_0047,2026-08-27T21:45:15.174230
USER_004,PROD_0008,landing,70,SESSION_0035,2026-08-27T21:45:15.174230
USER_027,PROD_0010,try_ar,2,SESSION_0046,2026-08-27T21:50:15.174230
USER_027,PROD_0017,landing,110,SESSION_0012,2026-08-27T22:03:15.174230
USER_007,PROD_0009,try_ar,15,SESSION_0028,2026-08-27T22:03:15.174230
USER_005,PROD_0005,checkout,96,SESSION_0042,2026-08-27T22:08:15.174230
USER_026,PROD_0005,view_product,23,SESSION_0028,2026-08-27T22:09:15.174230
USER_018,PROD_0013,view_product,90,SESSION_0029,2026-08-27T22:11:15.174230
USER_022,PROD_0004,landing,74,SESSION_0020,2026-08-27T22:15:15.174230
USER_004,PROD_0014,try_ar,77,SESSION_0031,2026-08-27T22:29:15.174230
USER_017,PROD_0002,landing,69,SESSION_0016,2026-08-27T22:38:15.174230
USER_007,PROD_0020,try_ar,9,SESSION_0036,2026-08-27T23:04:15.174230
USER_009,PROD_0002,view_product,2,SESSION_0001,2026-08-27T23:08:15.174230
USER_011,PROD_0017,try_ar,88,SESSION_0049,2026-08-27T23:16:15.174230
USER_011,PROD_0016,payment,25,SESSION_0033,2026-08-27T23:23:15.174230
USER_026,PROD_0006,landing,96,SESSION_0046,2026-08-27T23:42:15.174230
USER_014,PROD_0008,view_product,35,SESSION_0027,2026-08-28T00:02:15.174230
USER_015,PROD_0012,browse_products,2,SESSION_0043,2026-08-28T00:08:15.174230
USER_009,PROD_0009,completed,59,SESSION_0049,2026-08-28T00:13:15.174230
USER_019,PROD_0008,payment,9,SESSION_0039,2026-08-28T00:17:15.174230
USER_006,PROD_0004,checkout,62,SESSION_0043,2026-08-28T00:18:15.174230
USER_011,PROD_0008,browse_products,67,SESSION_0010,2026-08-28T00:21:15.174230
USER_015,PROD_0004,add_to_cart,75,SESSION_0021,2026-08-28T00:22:15.174230
USER_021,PROD_0015,try_ar,72,SESSION_0043,2026-08-28T00:33:15.174230
USER_029,PROD_0020,payment,38,SESSION_0033,2026-08-28T00:46:15.174230
USER_004,PROD_0011,browse_products,61,SESSION_0030,2026-08-28T00:48:15.174230
USER_028,PROD_0005,checkout,42,SESSION_0047,2026-08-28T00:53:15.174230
USER_028,PROD_0002,landing,44,SESSION_0022,2026-08-28T01:06:15.174230
USER_022,PROD_0006,checkout,68,SESSION_0028,2026-08-28T01:15:15.174230
USER_007,PROD_0002,try_ar,100,SESSION_0002,2026-08-28T01:16:15.174230
USER_003,PROD_0020,browse_products,29,SESSION_0019,2026-08-28T01:18:15.174230
USER_023,PROD_0018,checkout,64,SESSION_0026,2026-08-28T01:26:15.174230
USER_023,PROD_0005,payment,20,SESSION_0024,2026-08-28T01:32:15.174230
USER_006,PROD_0007,payment,120,SESSION_0047,2026-08-28T01:37:15.174230
USER_016,PROD_0009,checkout,101,SESSION_0038,2026-08-28T01:48:15.174230
USER_022,PROD_0017,browse_products,54,SESSION_0027,2026-08-28T01:48:15.174230
USER_006,PROD_0003,browse_products,21,SESSION_0044,2026-08-28T01:56:15.174230
USER_003,PROD_0001,try_ar,71,SESSION_0031,2026-08-28T01:58:15.174230
USER_009,PROD_0014,browse_products,41,SESSION_0021,2026-08-28T02:04:15.174230
USER_024,PROD_0016,completed,24,SESSION_0007,2026-08-28T02:07:15.174230
USER_023,PROD_0015,landing,101,SESSION_0011,2026-08-28T02:18:15.174230
USER_029,PROD_0005,browse_products,106,SESSION_0011,2026-08-28T02:28:15.174230
USER_013,PROD_0019,landing,59,SESSION_0036,2026-08-28T02:45:15.174230
USER_002,PROD_0004,landing,65,SESSION_0033,2026-08-28T02:47:15.174230
USER_023,PROD_0004,landing,79,SESSION_0030,2026-08-28T02:51:15.174230
USER_018,PROD_0011,browse_products,117,SESSION_0046,2026-08-28T02:56:15.174230
USER_013,PROD_0010,landing,33,SESSION_0035,2026-08-28T02:59:15.174230
USER_004,PROD_0006,browse_products,109,SESSION_0009,2026-08-28T03:03:15.174230
USER_025,PROD_0017,payment,113,SESSION_0001,2026-08-28T03:06:15.174230
USER_013,PROD_0003,browse_products,8,SESSION_0021,2026-08-28T03:18:15.174230
USER_002,PROD_0018,completed,46,SESSION_0027,2026-08-28T03:29:15.174230
USER_014,PROD_0003,landing,78,SESSION_0044,2026-08-28T03:34:15.174230
USER_021,PROD_0015,landing,52,SESSION_0013,2026-08-28T03:35:15.174230
USER_026,PROD_0016,try_ar,73,SESSION_0033,2026-08-28T03:35:15.174230
USER_016,PROD_0014,add_to_cart,115,SESSION_0002,2026-08-28T03:41:15.174230
USER_002,PROD_0001,landing,94,SESSION_0016,2026-08-28T03:58:15.174230
USER_027,PROD_0009,checkout,21,SESSION_0025,2026-08-28T04:01:15.174230
USER_008,PROD_0010,browse_products,39,SESSION_0018,2026-08-28T04:06:15.174230
USER_008,PROD_0008,checkout,95,SESSION_0011,2026-08-28T04:12:15.174230
USER_015,PROD_0018,try_ar,12,SESSION_0036,2026-08-28T04:16:15.174230
USER_001,PROD_0011,browse_products,2,SESSION_0021,2026-08-28T04:17:15.174230
USER_001,PROD_0019,try_ar,109,SESSION_0037,2026-08-28T04:33:15.174230
USER_024,PROD_0015,view_product,119,SESSION_0024,2026-08-28T04:48:15.174230
USER_010,PROD_0009,add_to_cart,26,SESSION_0038,2026-08-28T05:00:15.174230
USER_015,PROD_0020,try_ar,106,SESSION_0027,2026-08-28T05:04:15.174230
USER_005,PROD_0011,landing,7,SESSION_0016,2026-08-28T05:18:15.174230
USER_024,PROD_0016,checkout,69,SESSION_0019,2026-08-28T05:23:15.174230
USER_008,PROD_0019,checkout,86,SESSION_0001,2026-08-28T05:30:15.174230
USER_030,PROD_0007,completed,86,SESSION_0001,2026-08-28T05:30:15.174230
USER_028,PROD_0011,landing,47,SESSION_0006,2026-08-28T05:50:15.174230
USER_027,PROD_0003,completed,31,SESSION_0032,2026-08-28T06:01:15.174230
USER_025,PROD_0014,checkout,89,SESSION_0026,2026-08-28T06:01:15.174230
USER_017,PROD_0020,landing,24,SESSION_0038,2026-08-28T06:22:15.174230
USER_018,PROD_0018,browse_products,15,SESSION_0038,2026-08-28T06:23:15.174230
USER_030,PROD_0007,completed,109,SESSION_0015,2026-08-28T06:34:15.174230
USER_026,PROD_0002,try_ar,51,SESSION_0006,2026-08-28T06:37:15.174230
USER_026,PROD_0016,add_to_cart,25,SESSION_0014,2026-08-28T06:59:15.174230
USER_026,PROD_0009,try_ar,42,SESSION_0013,2026-08-28T07:01:15.174230
USER_005,PROD_0017,browse_products,88,SESSION_0004,2026-08-28T07:37:15.174230
USER_024,PROD_0014,payment,116,SESSION_0017,2026-08-28T07:50:15.174230
USER_023,PROD_0002,payment,93,SESSION_0001,2026-08-28T07:55:15.174230
USER_025,PROD_0002,try_ar,97,SESSION_0016,2026-08-28T08:01:15.174230
USER_021,PROD_0019,browse_products,28,SESSION_0043,2026-08-28T08:34:15.174230
USER_013,PROD_0017,landing,92,SESSION_0011,2026-08-28T08:42:15.174230
USER_014,PROD_0012,add_to_cart,88,SESSION_0019,2026-08-28T08:42:15.174230
USER_026,PROD_0014,checkout,111,SESSION_0048,2026-08-28T08:53:15.174230
USER_017,PROD_0015,view_product,74,SESSION_0028,2026-08-28T09:11:15.174230
USER_017,PROD_0011,try_ar,97,SESSION_0001,2026-08-28T09:14:15.174230
USER_017,PROD_0018,try_ar,74,SESSION_0021,2026-08-28T09:20:15.174230
USER_025,PROD_0016,payment,87,SESSION_0004,2026-08-28T09:30:15.174230
USER_027,PROD_0007,try_ar,45,SESSION_0015,2026-08-28T10:38:15.174230
USER_022,PROD_0007,view_product,63,SESSION_0018,2026-08-28T10:59:15.174230
USER_017,PROD_0012,try_ar,14,SESSION_0017,2026-08-28T11:02:15.174230
USER_024,PROD_0017,landing,92,SESSION_0016,2026-08-28T11:12:15.174230
USER_005,PROD_0006,add_to_cart,41,SESSION_0005,2026-08-28T11:21:15.174230
USER_021,PROD_0019,try_ar,98,SESSION_0047,2026-08-28T11:34:15.174230
USER_006,PROD_0003,try_ar,16,SESSION_0010,2026-08-28T11:34:15.174230
USER_018,PROD_0001,add_to_cart,1,SESSION_0034,2026-08-28T11:42:15.174230
USER_005,PROD_0015,completed,53,SESSION_0001,2026-08-28T11:53:15.174230
USER_007,PROD_0008,landing,51,SESSION_0017,2026-08-28T11:55:15.174230
USER_002,PROD_0004,add_to_cart,16,SESSION_0023,2026-08-28T11:55:15.174230
USER_025,PROD_0010,view_product,119,SESSION_0044,2026-08-28T12:06:15.174230
USER_015,PROD_0011,add_to_cart,101,SESSION_0013,2026-08-28T12:21:15.174230
USER_015,PROD_0006,view_product,27,SESSION_0049,2026-08-28T12:39:15.174230
USER_022,PROD_0019,payment,9,SESSION_0036,2026-08-28T13:04:15.174230
USER_010,PROD_0018,add_to_cart,21,SESSION_0006,2026-08-28T13:10:15.174230
USER_003,PROD_0015,payment,5,SESSION_0044,2026-08-28T13:34:15.174230
USER_020,PROD_0003,browse_products,93,SESSION_0007,2026-08-28T13:39:15.174230
USER_007,PROD_0003,landing,103,SESSION_0019,2026-08-28T13:43:15.174230
USER_026,PROD_0001,completed,75,SESSION_0037,2026-08-28T13:47:15.174230
USER_010,PROD_0009,checkout,83,SESSION_0029,2026-08-28T14:11:15.174230
USER_012,PROD_0018,browse_products,52,SESSION_0042,2026-08-28T14:56:15.174230
USER_026,PROD_0018,try_ar,71,SESSION_0013,2026-08-28T14:59:15.174230
USER_029,PROD_0008,payment,115,SESSION_0037,2026-08-28T15:09:15.174230
USER_022,PROD_0009,landing,77,SESSION_0027,2026-08-28T15:32:15.174230
USER_015,PROD_0013,landing,81,SESSION_0034,2026-08-28T15:52:15.174230
USER_007,PROD_0002,checkout,12,SESSION_0037,2026-08-28T16:02:15.174230
USER_016,PROD_0004,browse_products,111,SESSION_0025,2026-08-28T16:11:15.174230
USER_016,PROD_0007,landing,70,SESSION_0015,2026-08-28T16:17:15.174230
USER_015,PROD_0020,view_product,88,SESSION_0026,2026-08-28T16:37:15.174230
USER_001,PROD_0013,add_to_cart,83,SESSION_0013,2026-08-28T16:39:15.174230
USER_020,PROD_0020,add_to_cart,67,SESSION_0018,2026-08-28T16:42:15.174230
USER_024,PROD_0002,payment,115,SESSION_0028,2026-08-28T16:47:15.174230
USER_030,PROD_0009,add_to_cart,103,SESSION_0043,2026-08-28T17:09:15.174230
USER_020,PROD_0001,add_to_cart,85,SESSION_0044,2026-08-28T17:13:15.174230
USER_027,PROD_0012,landing,65,SESSION_0046,2026-08-28T17:15:15.174230
USER_021,PROD_0014,try_ar,113,SESSION_0012,2026-08-28T17:23:15.174230
USER_030,PROD_0012,landing,97,SESSION_0026,2026-08-28T17:40:15.174230
USER_016,PROD_0009,landing,57,SESSION_0031,2026-08-28T17:58:15.174230
USER_009,PROD_0010,browse_products,43,SESSION_0049,2026-08-28T18:06:15.174230
USER_023,PROD_0007,payment,9,SESSION_0004,2026-08-28T18:11:15.174230
USER_010,PROD_0008,completed,120,SESSION_0035,2026-08-28T18:20:15.174230
USER_024,PROD_0007,browse_products,48,SESSION_0016,2026-08-28T18:23:15.174230
USER_014,PROD_0019,payment,30,SESSION_0008,2026-08-28T18:31:15.174230
USER_020,PROD_0009,landing,98,SESSION_0008,2026-08-28T18:41:15.174230
USER_007,PROD_0016,checkout,7,SESSION_0015,2026-08-28T18:49:15.174230
USER_028,PROD_0009,payment,27,SESSION_0021,2026-08-28T19:03:15.174230
USER_012,PROD_0001,payment,40,SESSION_0047,2026-08-28T19:37:15.174230
USER_005,PROD_0020,view_product,27,SESSION_0014,2026-08-28T19:49:15.174230
USER_025,PROD_0007,browse_products,55,SESSION_0037,2026-08-28T20:23:15.174230
USER_018,PROD_0004,add_to_cart,29,SESSION_0009,2026-08-28T20:46:15.174230
USER_028,PROD_0020,completed,6,SESSION_0003,2026-08-28T20:46:15.174230
USER_020,PROD_0011,landing,83,SESSION_0022,2026-08-28T20:59:15.174230
USER_012,PROD_0001,completed,6,SESSION_0001,2026-08-28T21:20:15.174230
USER_029,PROD_0016,payment,33,SESSION_0004,2026-08-28T21:21:15.174230
USER_005,PROD_0002,browse_products,30,SESSION_0009,2026-08-28T21:41:15.174230
USER_020,PROD_0013,try_ar,78,SESSION_0027,2026-08-28T21:56:15.174230
USER_010,PROD_0019,view_product,35,SESSION_0040,2026-08-28T22:10:15.174230
USER_006,PROD_0013,landing,3,SESSION_0006,2026-08-28T22:26:15.174230
USER_028,PROD_0015,checkout,31,SESSION_0011,2026-08-28T22:46:15.174230
USER_027,PROD_0015,landing,41,SESSION_0006,2026-08-28T22:57:15.174230
USER_011,PROD_0015,checkout,90,SESSION_0009,2026-08-28T23:05:15.174230
USER_004,PROD_0003,view_product,30,SESSION_0037,2026-08-28T23:30:15.174230
USER_014,PROD_0005,payment,15,SESSION_0047,2026-08-28T23:37:15.174230
USER_001,PROD_0015,browse_products,17,SESSION_0024,2026-08-28T23:54:15.174230
USER_011,PROD_0001,try_ar,37,SESSION_0025,2026-08-28T23:56:15.174230
USER_003,PROD_0005,try_ar,74,SESSION_0048,2026-08-29T00:10:15.174230
USER_013,PROD_0019,add_to_cart,19,SESSION_0049,2026-08-29T00:16:15.174230
USER_008,PROD_0003,browse_products,81,SESSION_0013,2026-08-29T00:51:15.174230
USER_010,PROD_0015,view_product,48,SESSION_0019,2026-08-29T00:52:15.174230
USER_013,PROD_0009,checkout,45,SESSION_0019,2026-08-29T01:01:15.174230
USER_014,PROD_0012,payment,30,SESSION_0015,2026-08-29T01:05:15.174230
USER_007,PROD_0007,landing,46,SESSION_0010,2026-08-29T01:06:15.174230
USER_017,PROD_0004,try_ar,5,SESSION_0049,2026-08-29T01:21:15.174230
USER_007,PROD_0007,checkout,26,SESSION_0017,2026-08-29T01:46:15.174230
USER_025,PROD_0018,payment,100,SESSION_0019,2026-08-29T01:58:15.174230
USER_024,PROD_0018,checkout,2,SESSION_0004,2026-08-29T02:10:15.174230
USER_030,PROD_0003,browse_products,35,SESSION_0002,2026-08-29T02:19:15.174230
USER_021,PROD_0001,completed,104,SESSION_0008,2026-08-29T02:32:15.174230
USER_027,PROD_0004,landing,43,SESSION_0007,2026-08-29T02:59:15.174230
USER_009,PROD_0009,view_product,47,SESSION_0035,2026-08-29T03:08:15.174230
USER_018,PROD_0015,try_ar,8,SESSION_0002,2026-08-29T03:44:15.174230
USER_024,PROD_0016,landing,63,SESSION_0015,2026-08-29T03:45:15.174230
USER_005,PROD_0010,browse_products,26,SESSION_0040,2026-08-29T03:48:15.174230
USER_016,PROD_0004,payment,65,SESSION_0041,2026-08-29T03:56:15.174230
USER_023,PROD_0010,checkout,4,SESSION_0012,2026-08-29T03:59:15.174230
USER_025,PROD_0008,try_ar,80,SESSION_0036,2026-08-29T04:06:15.174230
USER_011,PROD_0013,payment,28,SESSION_0018,2026-08-29T04:07:15.174230
USER_011,PROD_0010,landing,97,SESSION_0012,2026-08-29T04:15:15.174230
USER_013,PROD_0002,checkout,96,SESSION_0034,2026-08-29T04:18:15.174230
USER_003,PROD_0011,checkout,11,SESSION_0029,2026-08-29T04:21:15.174230
USER_027,PROD_0017,try_ar,104,SESSION_0021,2026-08-29T04:52:15.174230
USER_001,PROD_0015,view_product,26,SESSION_0029,2026-08-29T04:55:15.174230
USER_029,PROD_0003,view_product,67,SESSION_0025,2026-08-29T05:23:15.174230
USER_011,PROD_0008,view_product,68,SESSION_0048,2026-08-29T05:37:15.174230
USER_027,PROD_0020,view_product,69,SESSION_0029,2026-08-29T05:41:15.174230
USER_021,PROD_0019,completed,50,SESSION_0034,2026-08-29T06:03:15.174230
USER_029,PROD_0002,completed,2,SESSION_0038,2026-08-29T06:29:15.174230
USER_018,PROD_0004,payment,14,SESSION_0020,2026-08-29T06:32:15.174230
USER_009,PROD_0004,payment,3,SESSION_0015,2026-08-29T06:37:15.174230
USER_003,PROD_0008,checkout,71,SESSION_0001,2026-08-29T06:40:15.174230
USER_027,PROD_0020,try_ar,90,SESSION_0038,2026-08-29T06:52:15.174230
USER_029,PROD_0004,try_ar,14,SESSION_0043,2026-08-29T07:09:15.174230
USER_013,PROD_0019,payment,40,SESSION_0038,2026-08-29T07:19:15.174230
USER_022,PROD_0007,payment,86,SESSION_0037,2026-08-29T07:27:15.174230
USER_005,PROD_0006,checkout,94,SESSION_0045,2026-08-29T07:30:15.174230
USER_005,PROD_0014,browse_products,7,SESSION_0002,2026-08-29T07:35:15.174230
USER_021,PROD_0016,add_to_cart,70,SESSION_0032,2026-08-29T07:41:15.174230
USER_025,PROD_0017,payment,65,SESSION_0012,2026-08-29T07:44:15.174230
USER_011,PROD_0003,completed,32,SESSION_0035,2026-08-29T08:05:15.174230
USER_003,PROD_0017,try_ar,18,SESSION_0006,2026-08-29T08:16:15.174230
USER_008,PROD_0020,view_product,118,SESSION_0015,2026-08-29T08:22:15.174230
USER_029,PROD_0018,landing,1,SESSION_0042,2026-08-29T09:01:15.174230
USER_022,PROD_0011,try_ar,88,SESSION_0041,2026-08-29T09:20:15.174230
USER_003,PROD_0020,payment,60,SESSION_0010,2026-08-29T09:25:15.174230
USER_014,PROD_0020,payment,80,SESSION_0042,2026-08-29T09:46:15.174230
USER_024,PROD_0008,payment,3,SESSION_0024,2026-08-29T10:00:15.174230
USER_005,PROD_0001,landing,27,SESSION_0042,2026-08-29T10:28:15.174230
USER_001,PROD_0001,payment,87,SESSION_0037,2026-08-29T10:51:15.174230
USER_005,PROD_0017,payment,74,SESSION_0046,2026-08-29T10:53:15.174230
USER_016,PROD_0015,add_to_cart,57,SESSION_0009,2026-08-29T10:57:15.174230
USER_027,PROD_0016,landing,103,SESSION_0025,2026-08-29T11:18:15.174230
USER_015,PROD_0002,completed,19,SESSION_0011,2026-08-29T11:29:15.174230
USER_029,PROD_0001,try_ar,60,SESSION_0024,2026-08-29T12:03:15.174230
USER_020,PROD_0006,checkout,29,SESSION_0007,2026-08-29T12:22:15.174230
USER_002,PROD_0006,checkout,84,SESSION_0034,2026-08-29T12:26:15.174230
USER_012,PROD_0014,completed,71,SESSION_0013,2026-08-29T12:34:15.174230
USER_007,PROD_0005,view_product,70,SESSION_0034,2026-08-29T12:35:15.174230
USER_012,PROD_0013,browse_products,73,SESSION_0030,2026-08-29T12:41:15.174230
USER_014,PROD_0002,payment,85,SESSION_0010,2026-08-29T12:50:15.174230
USER_013,PROD_0003,checkout,90,SESSION_0040,2026-08-29T12:53:15.174230
USER_010,PROD_0016,completed,83,SESSION_0025,2026-08-29T13:12:15.174230
USER_029,PROD_0018,try_ar,24,SESSION_0028,2026-08-29T13:13:15.174230
USER_013,PROD_0016,completed,39,SESSION_0025,2026-08-29T13:29:15.174230
USER_011,PROD_0001,browse_products,27,SESSION_0001,2026-08-29T13:45:15.174230
USER_004,PROD_0018,checkout,96,SESSION_0037,2026-08-29T13:54:15.174230
USER_023,PROD_0010,checkout,15,SESSION_0016,2026-08-29T13:55:15.174230
USER_005,PROD_0003,payment,46,SESSION_0029,2026-08-29T14:20:15.174230
USER_013,PROD_0013,add_to_cart,19,SESSION_0041,2026-08-29T14:23:15.174230
USER_018,PROD_0005,payment,0,SESSION_0029,2026-08-29T14:33:15.174230
USER_017,PROD_0008,payment,115,SESSION_0003,2026-08-29T15:00:15.174230
USER_025,PROD_0008,payment,118,SESSION_0007,2026-08-29T15:23:15.174230
USER_001,PROD_0010,payment,64,SESSION_0034,2026-08-29T15:40:15.174230
USER_002,PROD_0003,payment,10,SESSION_0040,2026-08-29T15:49:15.174230
USER_003,PROD_0007,view_product,63,SESSION_0042,2026-08-29T15:53:15.174230
USER_012,PROD_0012,completed,0,SESSION_0006,2026-08-29T15:55:15.174230
USER_004,PROD_0017,checkout,72,SESSION_0044,2026-08-29T15:57:15.174230
USER_006,PROD_0012,add_to_cart,70,SESSION_0005,2026-08-29T16:13:15.174230
USER_017,PROD_0004,checkout,84,SESSION_0032,2026-08-29T16:53:15.174230
USER_018,PROD_0006,try_ar,8,SESSION_0039,2026-08-29T17:09:15.174230
USER_028,PROD_0019,browse_products,110,SESSION_0007,2026-08-29T17:32:15.174230
USER_006,PROD_0016,landing,46,SESSION_0011,2026-08-29T17:40:15.174230
USER_003,PROD_0003,add_to_cart,118,SESSION_0028,2026-08-29T18:23:15.174230
USER_016,PROD_0013,browse_products,31,SESSION_0011,2026-08-29T18:24:15.174230
USER_026,PROD_0007,completed,59,SESSION_0020,2026-08-29T18:33:15.174230
USER_021,PROD_0005,try_ar,64,SESSION_0023,2026-08-29T18:36:15.174230
USER_014,PROD_0008,try_ar,53,SESSION_0025,2026-08-29T18:37:15.174230
USER_008,PROD_0003,try_ar,34,SESSION_0017,2026-08-29T18:40:15.174230
USER_017,PROD_0011,try_ar,8,SESSION_0016,2026-08-29T18:42:15.174230
USER_003,PROD_0012,browse_products,27,SESSION_0040,2026-08-29T18:43:15.174230
USER_021,PROD_0002,view_product,48,SESSION_0033,2026-08-29T18:49:15.174230
USER_005,PROD_0016,landing,13,SESSION_0045,2026-08-29T19:12:15.174230
USER_025,PROD_0016,completed,27,SESSION_0029,2026-08-29T19:14:15.174230
USER_003,PROD_0015,payment,49,SESSION_0017,2026-08-29T19:32:15.174230
USER_028,PROD_0018,payment,7,SESSION_0009,2026-08-29T19:38:15.174230
USER_017,PROD_0009,checkout,54,SESSION_0047,2026-08-29T19:51:15.174230
USER_028,PROD_0008,try_ar,58,SESSION_0029,2026-08-29T19:54:15.174230
USER_021,PROD_0011,completed,37,SESSION_0032,2026-08-29T20:05:15.174230
USER_015,PROD_0009,browse_products,120,SESSION_0007,2026-08-29T20:08:15.174230
USER_011,PROD_0005,try_ar,38,SESSION_0028,2026-08-29T20:11:15.174230
USER_010,PROD_0020,add_to_cart,20,SESSION_0040,2026-08-29T20:12:15.174230
USER_003,PROD_0005,browse_products,8,SESSION_0014,2026-08-29T20:19:15.174230
USER_030,PROD_0001,landing,96,SESSION_0048,2026-08-29T20:36:15.174230
USER_020,PROD_0016,try_ar,72,SESSION_0023,2026-08-29T20:37:15.174230
USER_004,PROD_0020,completed,45,SESSION_0013,2026-08-29T20:45:15.174230
USER_022,PROD_0019,landing,77,SESSION_0013,2026-08-29T20:47:15.174230
USER_024,PROD_0018,view_product,78,SESSION_0032,2026-08-29T20:49:15.174230
USER_020,PROD_0008,add_to_cart,114,SESSION_0020,2026-08-29T20:52:15.174230
USER_009,PROD_0011,view_product,90,SESSION_0018,2026-08-29T21:37:15.174230
USER_019,PROD_0014,landing,73,SESSION_0030,2026-08-29T21:37:15.174230
USER_002,PROD_0017,view_product,37,SESSION_0026,2026-08-29T21:38:15.174230
USER_017,PROD_0016,landing,24,SESSION_0038,2026-08-29T21:47:15.174230
USER_030,PROD_0005,view_product,84,SESSION_0015,2026-08-29T22:03:15.174230
USER_025,PROD_0013,payment,113,SESSION_0009,2026-08-29T22:25:15.174230
USER_015,PROD_0008,landing,2,SESSION_0001,2026-08-29T23:19:15.174230
USER_017,PROD_0018,browse_products,101,SESSION_0021,2026-08-29T23:24:15.174230
USER_028,PROD_0019,payment,106,SESSION_0031,2026-08-29T23:31:15.174230
USER_013,PROD_0008,checkout,102,SESSION_0006,2026-08-29T23:35:15.174230
USER_006,PROD_0005,view_product,12,SESSION_0028,2026-08-29T23:44:15.174230
USER_012,PROD_0001,add_to_cart,53,SESSION_0005,2026-08-29T23:53:15.174230
USER_004,PROD_0018,try_ar,87,SESSION_0006,2026-08-29T23:54:15.174230
USER_011,PROD_0012,landing,11,SESSION_0015,2026-08-29T23:56:15.174230
USER_014,PROD_0015,completed,116,SESSION_0008,2026-08-29T23:58:15.174230
USER_019,PROD_0016,completed,69,SESSION_0033,2026-08-30T00:10:15.174230
USER_001,PROD_0012,payment,6,SESSION_0050,2026-08-30T01:05:15.174230
USER_002,PROD_0004,completed,102,SESSION_0049,2026-08-30T01:06:15.174230
USER_008,PROD_0009,view_product,66,SESSION_0037,2026-08-30T01:26:15.174230
USER_019,PROD_0002,add_to_cart,114,SESSION_0004,2026-08-30T01:30:15.174230
USER_013,PROD_0001,try_ar,75,SESSION_0026,2026-08-30T01:41:15.174230
USER_002,PROD_0004,landing,11,SESSION_0018,2026-08-30T01:41:15.174230
USER_012,PROD_0020,view_product,44,SESSION_0018,2026-08-30T01:43:15.174230
USER_014,PROD_0020,completed,46,SESSION_0022,2026-08-30T01:45:15.174230
USER_015,PROD_0020,landing,109,SESSION_0003,2026-08-30T02:08:15.174230
USER_003,PROD_0001,browse_products,24,SESSION_0008,2026-08-30T02:10:15.174230
USER_010,PROD_0003,checkout,94,SESSION_0016,2026-08-30T02:14:15.174230
USER_030,PROD_0005,completed,66,SESSION_0037,2026-08-30T02:23:15.174230
USER_020,PROD_0003,completed,120,SESSION_0028,2026-08-30T02:31:15.174230
USER_027,PROD_0007,payment,43,SESSION_0007,2026-08-30T02:57:15.174230
USER_002,PROD_0002,browse_products,98,SESSION_0026,2026-08-30T03:01:15.174230
USER_019,PROD_0020,payment,69,SESSION_0019,2026-08-30T03:17:15.174230
USER_009,PROD_0011,browse_products,6,SESSION_0039,2026-08-30T03:48:15.174230
USER_006,PROD_0011,try_ar,78,SESSION_0012,2026-08-30T04:07:15.174230
USER_001,PROD_0005,completed,113,SESSION_0021,2026-08-30T04:13:15.174230
USER_005,PROD_0017,try_ar,22,SESSION_0026,2026-08-30T04:32:15.174230
USER_010,PROD_0020,landing,34,SESSION_0046,2026-08-30T04:33:15.174230
USER_028,PROD_0011,try_ar,53,SESSION_0030,2026-08-30T04:54:15.174230
USER_005,PROD_0018,try_ar,31,SESSION_0031,2026-08-30T05:07:15.174230
USER_029,PROD_0009,add_to_cart,0,SESSION_0015,2026-08-30T05:08:15.174230
USER_021,PROD_0016,browse_products,111,SESSION_0008,2026-08-30T05:16:15.174230
USER_019,PROD_0001,browse_products,2,SESSION_0040,2026-08-30T05:28:15.174230
USER_019,PROD_0015,try_ar,8,SESSION_0021,2026-08-30T05:58:15.174230
USER_028,PROD_0011,checkout,16,SESSION_0017,2026-08-30T05:58:15.174230
USER_029,PROD_0014,try_ar,68,SESSION_0034,2026-08-30T06:02:15.174230
USER_023,PROD_0010,add_to_cart,13,SESSION_0013,2026-08-30T06:22:15.174230
USER_019,PROD_0001,browse_products,48,SESSION_0048,2026-08-30T06:23:15.174230
USER_002,PROD_0017,add_to_cart,27,SESSION_0010,2026-08-30T06:26:15.174230
USER_024,PROD_0012,landing,10,SESSION_0006,2026-08-30T06:41:15.174230
USER_006,PROD_0013,view_product,100,SESSION_0023,2026-08-30T06:43:15.174230
USER_013,PROD_0015,try_ar,64,SESSION_0033,2026-08-30T07:20:15.174230
USER_028,PROD_0003,add_to_cart,0,SESSION_0009,2026-08-30T07:34:15.174230
USER_010,PROD_0015,landing,83,SESSION_0036,2026-08-30T07:48:15.174230
USER_014,PROD_0004,browse_products,110,SESSION_0004,2026-08-30T07:48:15.174230
USER_012,PROD_0018,browse_products,60,SESSION_0005,2026-08-30T08:40:15.174230
USER_008,PROD_0007,try_ar,44,SESSION_0026,2026-08-30T08:51:15.174230
USER_016,PROD_0013,completed,80,SESSION_0001,2026-08-30T08:56:15.174230
USER_015,PROD_0002,browse_products,19,SESSION_0044,2026-08-30T09:08:15.174230
USER_025,PROD_0015,payment,56,SESSION_0034,2026-08-30T09:10:15.174230
USER_022,PROD_0009,checkout,115,SESSION_0039,2026-08-30T09:12:15.174230
USER_002,PROD_0018,try_ar,19,SESSION_0027,2026-08-30T09:31:15.174230
USER_010,PROD_0009,try_ar,29,SESSION_0016,2026-08-30T09:33:15.174230
USER_004,PROD_0011,add_to_cart,95,SESSION_0017,2026-08-30T09:34:15.174230
USER_009,PROD_0010,try_ar,53,SESSION_0016,2026-08-30T09:40:15.174230
USER_023,PROD_0002,try_ar,110,SESSION_0041,2026-08-30T09:45:15.174230
USER_003,PROD_0020,landing,102,SESSION_0033,2026-08-30T10:25:15.174230
USER_013,PROD_0011,browse_products,67,SESSION_0034,2026-08-30T10:33:15.174230
USER_008,PROD_0014,view_product,116,SESSION_0049,2026-08-30T10:39:15.174230
USER_027,PROD_0009,add_to_cart,86,SESSION_0047,2026-08-30T10:58:15.174230
USER_030,PROD_0011,checkout,36,SESSION_0002,2026-08-30T11:13:15.174230
USER_014,PROD_0006,browse_products,55,SESSION_0039,2026-08-30T11:34:15.174230
USER_025,PROD_0013,try_ar,108,SESSION_0026,2026-08-30T11:34:15.174230
USER_001,PROD_0013,add_to_cart,58,SESSION_0020,2026-08-30T11:37:15.174230
USER_027,PROD_0008,payment,16,SESSION_0023,2026-08-30T11:50:15.174230
USER_026,PROD_0005,add_to_cart,21,SESSION_0001,2026-08-30T12:05:15.174230
USER_005,PROD_0002,browse_products,107,SESSION_0018,2026-08-30T12:15:15.174230
USER_016,PROD_0014,payment,103,SESSION_0002,2026-08-30T12:20:15.174230
USER_012,PROD_0014,checkout,87,SESSION_0032,2026-08-30T12:24:15.174230
USER_017,PROD_0005,browse_products,84,SESSION_0017,2026-08-30T12:27:15.174230
USER_001,PROD_0011,try_ar,50,SESSION_0040,2026-08-30T12:28:15.174230
USER_026,PROD_0018,checkout,1,SESSION_0034,2026-08-30T12:50:15.174230
USER_009,PROD_0003,view_product,5,SESSION_0045,2026-08-30T13:01:15.174230
USER_005,PROD_0010,checkout,19,SESSION_0011,2026-08-30T13:09:15.174230
USER_028,PROD_0003,add_to_cart,118,SESSION_0024,2026-08-30T13:33:15.174230
USER_030,PROD_0008,add_to_cart,111,SESSION_0010,2026-08-30T13:34:15.174230
USER_008,PROD_0016,view_product,81,SESSION_0036,2026-08-30T13:34:15.174230
USER_014,PROD_0010,landing,46,SESSION_0008,2026-08-30T13:41:15.174230
USER_010,PROD_0008,payment,70,SESSION_0039,2026-08-30T14:17:15.174230
USER_015,PROD_0009,checkout,12,SESSION_0011,2026-08-30T15:00:15.174230
USER_007,PROD_0016,try_ar,82,SESSION_0043,2026-08-30T15:11:15.174230
USER_026,PROD_0003,browse_products,10,SESSION_0002,2026-08-30T15:14:15.174230
USER_011,PROD_0003,payment,63,SESSION_0020,2026-08-30T15:49:15.174230
USER_005,PROD_0004,payment,31,SESSION_0043,2026-08-30T15:51:15.174230
USER_009,PROD_0011,view_product,21,SESSION_0025,2026-08-30T15:51:15.174230
USER_005,PROD_0010,browse_products,57,SESSION_0019,2026-08-30T15:58:15.174230
USER_012,PROD_0005,add_to_cart,90,SESSION_0050,2026-08-30T16:00:15.174230
USER_007,PROD_0011,browse_products,115,SESSION_0002,2026-08-30T16:03:15.174230
USER_009,PROD_0018,payment,85,SESSION_0015,2026-08-30T16:16:15.174230
USER_004,PROD_0016,landing,78,SESSION_0019,2026-08-30T16:17:15.174230
USER_001,PROD_0007,add_to_cart,77,SESSION_0047,2026-08-30T16:29:15.174230
USER_014,PROD_0007,checkout,16,SESSION_0004,2026-08-30T16:34:15.174230
USER_013,PROD_0006,landing,28,SESSION_0047,2026-08-30T16:36:15.174230
USER_025,PROD_0009,add_to_cart,26,SESSION_0048,2026-08-30T16:40:15.174230
USER_021,PROD_0019,checkout,50,SESSION_0024,2026-08-30T17:00:15.174230
USER_008,PROD_0004,checkout,6,SESSION_0014,2026-08-30T17:35:15.174230
USER_024,PROD_0017,add_to_cart,65,SESSION_0044,2026-08-30T18:16:15.174230
USER_024,PROD_0011,view_product,50,SESSION_0018,2026-08-30T18:25:15.174230
USER_029,PROD_0015,payment,25,SESSION_0046,2026-08-30T18:30:15.174230
USER_030,PROD_0019,add_to_cart,52,SESSION_0046,2026-08-30T18:50:15.174230
USER_004,PROD_0017,add_to_cart,75,SESSION_0038,2026-08-30T18:51:15.174230
USER_007,PROD_0016,payment,115,SESSION_0006,2026-08-30T19:25:15.174230
USER_008,PROD_0009,payment,19,SESSION_0043,2026-08-30T19:44:15.174230
USER_019,PROD_0006,landing,29,SESSION_0021,2026-08-30T19:46:15.174230
USER_009,PROD_0017,try_ar,31,SESSION_0016,2026-08-30T20:39:15.174230
USER_030,PROD_0014,add_to_cart,7,SESSION_0004,2026-08-30T21:01:15.174230
USER_021,PROD_0013,checkout,39,SESSION_0015,2026-08-30T21:04:15.174230
USER_006,PROD_0016,try_ar,45,SESSION_0007,2026-08-30T21:26:15.174230
USER_023,PROD_0005,payment,58,SESSION_0026,2026-08-30T21:34:15.174230
USER_014,PROD_0016,add_to_cart,3,SESSION_0042,2026-08-30T21:58:15.174230
USER_008,PROD_0003,browse_products,74,SESSION_0007,2026-08-30T21:58:15.174230
USER_030,PROD_0005,browse_products,117,SESSION_0010,2026-08-30T22:15:15.174230
USER_002,PROD_0017,browse_products,87,SESSION_0028,2026-08-30T22:24:15.174230
USER_023,PROD_0006,browse_products,101,SESSION_0012,2026-08-30T22:44:15.174230
USER_026,PROD_0016,add_to_cart,115,SESSION_0003,2026-08-30T23:05:15.174230
USER_005,PROD_0004,add_to_cart,119,SESSION_0030,2026-08-30T23:38:15.174230
USER_018,PROD_0002,view_product,118,SESSION_0042,2026-08-30T23:55:15.174230
USER_011,PROD_0006,checkout,81,SESSION_0019,2026-08-31T00:01:15.174230
USER_010,PROD_0008,try_ar,58,SESSION_0013,2026-08-31T00:04:15.174230
USER_028,PROD_0007,browse_products,31,SESSION_0013,2026-08-31T00:04:15.174230
USER_001,PROD_0002,checkout,18,SESSION_0003,2026-08-31T00:11:15.174230
USER_007,PROD_0008,add_to_cart,22,SESSION_0027,2026-08-31T00:12:15.174230
USER_030,PROD_0003,checkout,106,SESSION_0035,2026-08-31T00:12:15.174230
USER_024,PROD_0011,completed,44,SESSION_0005,2026-08-31T00:19:15.174230
USER_007,PROD_0001,checkout,84,SESSION_0049,2026-08-31T00:24:15.174230
USER_004,PROD_0017,add_to_cart,58,SESSION_0019,2026-08-31T00:49:15.174230
USER_025,PROD_0004,payment,7,SESSION_0033,2026-08-31T00:52:15.174230
USER_004,PROD_0016,checkout,81,SESSION_0021,2026-08-31T01:13:15.174230
USER_030,PROD_0007,view_product,85,SESSION_0015,2026-08-31T01:26:15.174230
USER_014,PROD_0015,browse_products,60,SESSION_0037,2026-08-31T01:28:15.174230
USER_010,PROD_0011,add_to_cart,62,SESSION_0013,2026-08-31T01:32:15.174230
USER_021,PROD_0017,completed,85,SESSION_0007,2026-08-31T01:35:15.174230
USER_024,PROD_0018,add_to_cart,102,SESSION_0049,2026-08-31T01:37:15.174230
USER_011,PROD_0016,browse_products,30,SESSION_0002,2026-08-31T02:01:15.174230
USER_019,PROD_0001,view_product,75,SESSION_0014,2026-08-31T02:05:15.174230
USER_019,PROD_0010,view_product,119,SESSION_0005,2026-08-31T02:05:15.174230
USER_008,PROD_0016,view_product,70,SESSION_0005,2026-08-31T02:08:15.174230
USER_017,PROD_0007,completed,13,SESSION_0001,2026-08-31T02:21:15.174230
USER_004,PROD_0001,browse_products,18,SESSION_0039,2026-08-31T02:27:15.174230
USER_028,PROD_0017,try_ar,17,SESSION_0045,2026-08-31T02:56:15.174230
USER_028,PROD_0001,add_to_cart,65,SESSION_0006,2026-08-31T03:07:15.174230
USER_002,PROD_0019,completed,65,SESSION_0026,2026-08-31T03:08:15.174230
USER_025,PROD_0001,payment,8,SESSION_0010,2026-08-31T03:23:15.174230
USER_013,PROD_0001,checkout,54,SESSION_0032,2026-08-31T03:26:15.174230
USER_009,PROD_0019,checkout,96,SESSION_0012,2026-08-31T03:30:15.174230
USER_015,PROD_0014,landing,33,SESSION_0032,2026-08-31T03:49:15.174230
USER_004,PROD_0014,add_to_cart,21,SESSION_0034,2026-08-31T04:13:15.174230
USER_003,PROD_0011,add_to_cart,31,SESSION_0028,2026-08-31T04:14:15.174230
USER_027,PROD_0012,try_ar,76,SESSION_0013,2026-08-31T04:14:15.174230
USER_010,PROD_0017,view_product,17,SESSION_0037,2026-08-31T04:15:15.174230
USER_028,PROD_0018,completed,76,SESSION_0041,2026-08-31T04:24:15.174230
USER_020,PROD_0015,try_ar,36,SESSION_0033,2026-08-31T04:38:15.174230
USER_016,PROD_0004,view_product,47,SESSION_0049,2026-08-31T04:38:15.174230
USER_003,PROD_0010,completed,66,SESSION_0007,2026-08-31T04:41:15.174230
USER_025,PROD_0010,browse_products,13,SESSION_0029,2026-08-31T04:52:15.174230
USER_011,PROD_0001,completed,74,SESSION_0008,2026-08-31T05:11:15.174230
USER_005,PROD_0005,browse_products,28,SESSION_0009,2026-08-31T05:25:15.174230
USER_002,PROD_0001,checkout,11,SESSION_0042,2026-08-31T05:27:15.174230
USER_027,PROD_0013,landing,49,SESSION_0021,2026-08-31T05:56:15.174230
USER_001,PROD_0005,payment,32,SESSION_0020,2026-08-31T06:02:15.174230
USER_027,PROD_0011,checkout,103,SESSION_0050,2026-08-31T06:07:15.174230
USER_018,PROD_0008,add_to_cart,109,SESSION_0040,2026-08-31T06:09:15.174230
USER_030,PROD_0007,view_product,40,SESSION_0011,2026-08-31T06:37:15.174230
USER_024,PROD_0012,checkout,45,SESSION_0031,2026-08-31T06:40:15.174230
USER_027,PROD_0009,browse_products,73,SESSION_0015,2026-08-31T07:14:15.174230
USER_018,PROD_0009,checkout,38,SESSION_0001,2026-08-31T07:16:15.174230
USER_008,PROD_0017,checkout,3,SESSION_0024,2026-08-31T07:34:15.174230
USER_027,PROD_0006,browse_products,61,SESSION_0042,2026-08-31T07:38:15.174230
USER_026,PROD_0002,try_ar,51,SESSION_0024,2026-08-31T07:43:15.174230
USER_026,PROD_0005,view_product,79,SESSION_0015,2026-08-31T07:53:15.174230
USER_015,PROD_0019,checkout,33,SESSION_0019,2026-08-31T08:05:15.174230
USER_017,PROD_0008,try_ar,42,SESSION_0042,2026-08-31T08:06:15.174230
USER_021,PROD_0014,landing,4,SESSION_0021,2026-08-31T08:19:15.174230
USER_006,PROD_0002,view_product,21,SESSION_0043,2026-08-31T08:27:15.174230
USER_015,PROD_0008,landing,11,SESSION_0008,2026-08-31T08:40:15.174230
USER_018,PROD_0017,view_product,33,SESSION_0015,2026-08-31T08:41:15.174230
USER_030,PROD_0005,try_ar,72,SESSION_0007,2026-08-31T08:42:15.174230
USER_024,PROD_0003,completed,77,SESSION_0035,2026-08-31T08:45:15.174230
USER_001,PROD_0006,try_ar,113,SESSION_0018,2026-08-31T09:20:15.174230
USER_008,PROD_0002,checkout,32,SESSION_0036,2026-08-31T09:28:15.174230
USER_020,PROD_0020,landing,57,SESSION_0015,2026-08-31T09:40:15.174230
USER_017,PROD_0001,add_to_cart,36,SESSION_0048,2026-08-31T09:48:15.174230
USER_010,PROD_0003,browse_products,34,SESSION_0031,2026-08-31T10:37:15.174230
USER_015,PROD_0012,browse_products,20,SESSION_0001,2026-08-31T10:40:15.174230
USER_010,PROD_0007,payment,88,SESSION_0021,2026-08-31T10:46:15.174230
USER_018,PROD_0007,completed,79,SESSION_0025,2026-08-31T10:50:15.174230
USER_022,PROD_0020,browse_products,8,SESSION_0033,2026-08-31T11:05:15.174230
USER_028,PROD_0010,landing,16,SESSION_0009,2026-08-31T11:16:15.174230
USER_019,PROD_0009,landing,1,SESSION_0010,2026-08-31T11:21:15.174230
USER_017,PROD_0014,completed,112,SESSION_0037,2026-08-31T11:32:15.174230
USER_015,PROD_0016,add_to_cart,104,SESSION_0021,2026-08-31T11:41:15.174230
USER_027,PROD_0001,add_to_cart,49,SESSION_0023,2026-08-31T12:01:15.174230
USER_023,PROD_0009,landing,88,SESSION_0008,2026-08-31T12:07:15.174230
USER_006,PROD_0016,add_to_cart,120,SESSION_0021,2026-08-31T12:45:15.174230
USER_020,PROD_0008,landing,14,SESSION_0036,2026-08-31T12:49:15.174230
USER_022,PROD_0002,add_to_cart,52,SESSION_0020,2026-08-31T12:53:15.174230
USER_014,PROD_0007,add_to_cart,104,SESSION_0025,2026-08-31T13:01:15.174230
USER_021,PROD_0013,browse_products,43,SESSION_0002,2026-08-31T13:13:15.174230
USER_028,PROD_0002,completed,87,SESSION_0013,2026-08-31T13:14:15.174230
USER_009,PROD_0005,add_to_cart,82,SESSION_0009,2026-08-31T13:17:15.174230
USER_010,PROD_0015,payment,7,SESSION_0024,2026-08-31T13:39:15.174230
USER_023,PROD_0016,browse_products,106,SESSION_0050,2026-08-31T13:51:15.174230
USER_025,PROD_0003,view_product,110,SESSION_0010,2026-08-31T13:53:15.174230
USER_004,PROD_0008,add_to_cart,82,SESSION_0002,2026-08-31T14:03:15.174230
USER_021,PROD_0002,add_to_cart,65,SESSION_0027,2026-08-31T14:06:15.174230
USER_020,PROD_0020,browse_products,97,SESSION_0005,2026-08-31T14:06:15.174230
USER_004,PROD_0010,payment,47,SESSION_0016,2026-08-31T14:38:15.174230
USER_001,PROD_0006,view_product,93,SESSION_0031,2026-08-31T15:21:15.174230
USER_008,PROD_0016,payment,52,SESSION_0044,2026-08-31T15:26:15.174230
USER_030,PROD_0007,checkout,24,SESSION_0041,2026-08-31T15:29:15.174230
USER_009,PROD_0004,add_to_cart,41,SESSION_0043,2026-08-31T15:31:15.174230
USER_002,PROD_0019,completed,104,SESSION_0019,2026-08-31T15:58:15.174230
USER_005,PROD_0010,try_ar,108,SESSION_0033,2026-08-31T16:29:15.174230
USER_006,PROD_0012,checkout,67,SESSION_0032,2026-08-31T16:34:15.174230
USER_009,PROD_0016,checkout,66,SESSION_0029,2026-08-31T17:12:15.174230
USER_014,PROD_0005,view_product,12,SESSION_0004,2026-08-31T17:13:15.174230
USER_026,PROD_0017,browse_products,43,SESSION_0014,2026-08-31T17:18:15.174230
USER_018,PROD_0008,checkout,21,SESSION_0046,2026-08-31T17:21:15.174230
USER_008,PROD_0001,checkout,112,SESSION_0028,2026-08-31T17:34:15.174230
USER_030,PROD_0007,try_ar,106,SESSION_0035,2026-08-31T17:35:15.174230
USER_002,PROD_0020,add_to_cart,65,SESSION_0014,2026-08-31T17:58:15.174230
USER_024,PROD_0013,try_ar,80,SESSION_0050,2026-08-31T18:12:15.174230
USER_018,PROD_0002,browse_products,51,SESSION_0005,2026-08-31T18:15:15.174230
USER_001,PROD_0002,completed,54,SESSION_0048,2026-08-31T18:23:15.174230
USER_019,PROD_0019,browse_products,56,SESSION_0018,2026-08-31T18:26:15.174230
USER_006,PROD_0011,payment,100,SESSION_0034,2026-08-31T19:01:15.174230
USER_017,PROD_0015,payment,103,SESSION_0041,2026-08-31T19:12:15.174230
USER_029,PROD_0006,landing,54,SESSION_0043,2026-08-31T19:19:15.174230
USER_007,PROD_0020,add_to_cart,43,SESSION_0019,2026-08-31T19:37:15.174230
USER_013,PROD_0011,payment,29,SESSION_0046,2026-08-31T19:47:15.174230
USER_023,PROD_0012,browse_products,76,SESSION_0004,2026-08-31T19:51:15.174230
USER_026,PROD_0002,add_to_cart,55,SESSION_0019,2026-08-31T20:09:15.174230
USER_006,PROD_0015,add_to_cart,79,SESSION_0005,2026-08-31T20:29:15.174230
USER_008,PROD_0003,landing,57,SESSION_0024,2026-08-31T20:31:15.174230
USER_022,PROD_0009,view_product,120,SESSION_0011,2026-08-31T20:41:15.174230
USER_009,PROD_0008,payment,74,SESSION_0015,2026-08-31T20:48:15.174230
USER_008,PROD_0009,payment,118,SESSION_0049,2026-08-31T20:49:15.174230
USER_008,PROD_0010,payment,68,SESSION_0004,2026-08-31T20:53:15.174230
USER_012,PROD_0014,view_product,45,SESSION_0028,2026-08-31T20:58:15.174230
USER_022,PROD_0001,view_product,70,SESSION_0023,2026-08-31T21:27:15.174230
USER_014,PROD_0020,completed,27,SESSION_0040,2026-08-31T21:40:15.174230
USER_020,PROD_0017,completed,2,SESSION_0044,2026-08-31T22:13:15.174230
USER_017,PROD_0007,view_product,27,SESSION_0032,2026-08-31T22:16:15.174230
USER_029,PROD_0006,add_to_cart,61,SESSION_0026,2026-08-31T22:28:15.174230
USER_008,PROD_0009,landing,23,SESSION_0037,2026-08-31T22:43:15.174230
USER_011,PROD_0019,payment,35,SESSION_0031,2026-08-31T22:57:15.174230
USER_023,PROD_0004,completed,111,SESSION_0016,2026-08-31T23:07:15.174230
USER_025,PROD_0014,completed,63,SESSION_0012,2026-08-31T23:26:15.174230
USER_025,PROD_0001,completed,93,SESSION_0007,2026-08-31T23:27:15.174230
USER_019,PROD_0013,browse_products,78,SESSION_0022,2026-08-31T23:31:15.174230
USER_024,PROD_0014,view_product,92,SESSION_0005,2026-08-31T23:56:15.174230
USER_008,PROD_0005,view_product,43,SESSION_0033,2026-09-01T00:02:15.174230
USER_020,PROD_0011,try_ar,23,SESSION_0005,2026-09-01T00:11:15.174230
USER_001,PROD_0011,add_to_cart,85,SESSION_0043,2026-09-01T00:20:15.174230
USER_008,PROD_0015,completed,91,SESSION_0023,2026-09-01T00:39:15.174230
USER_016,PROD_0012,payment,109,SESSION_0027,2026-09-01T00:56:15.174230
USER_008,PROD_0011,try_ar,2,SESSION_0010,2026-09-01T00:58:15.174230
USER_026,PROD_0008,checkout,40,SESSION_0021,2026-09-01T01:15:15.174230
USER_006,PROD_0010,payment,90,SESSION_0024,2026-09-01T01:46:15.174230
USER_030,PROD_0003,checkout,47,SESSION_0039,2026-09-01T02:14:15.174230
USER_003,PROD_0018,view_product,109,SESSION_0030,2026-09-01T02:31:15.174230
USER_007,PROD_0014,checkout,14,SESSION_0050,2026-09-01T02:47:15.174230
USER_012,PROD_0003,try_ar,85,SESSION_0007,2026-09-01T02:54:15.174230
USER_026,PROD_0006,completed,24,SESSION_0027,2026-09-01T03:09:15.174230
USER_018,PROD_0003,view_product,7,SESSION_0040,2026-09-01T03:13:15.174230
USER_005,PROD_0006,landing,113,SESSION_0026,2026-09-01T03:20:15.174230
USER_002,PROD_0008,payment,61,SESSION_0049,2026-09-01T03:21:15.174230
USER_024,PROD_0009,browse_products,118,SESSION_0016,2026-09-01T03:29:15.174230
USER_030,PROD_0015,browse_products,46,SESSION_0021,2026-09-01T03:33:15.174230
USER_008,PROD_0018,add_to_cart,14,SESSION_0042,2026-09-01T03:54:15.174230
USER_020,PROD_0020,try_ar,25,SESSION_0022,2026-09-01T03:57:15.174230
USER_023,PROD_0016,try_ar,85,SESSION_0007,2026-09-01T04:14:15.174230
USER_005,PROD_0005,browse_products,47,SESSION_0010,2026-09-01T04:59:15.174230
USER_015,PROD_0012,browse_products,85,SESSION_0018,2026-09-01T05:22:15.174230
USER_022,PROD_0010,browse_products,69,SESSION_0009,2026-09-01T05:29:15.174230
USER_022,PROD_0017,try_ar,29,SESSION_0007,2026-09-01T05:32:15.174230
USER_028,PROD_0009,landing,16,SESSION_0048,2026-09-01T05:41:15.174230
USER_021,PROD_0017,add_to_cart,30,SESSION_0033,2026-09-01T05:48:15.174230
USER_002,PROD_0019,browse_products,1,SESSION_0030,2026-09-01T05:58:15.174230
USER_027,PROD_0011,add_to_cart,25,SESSION_0027,2026-09-01T06:22:15.174230
USER_027,PROD_0005,completed,117,SESSION_0022,2026-09-01T06:39:15.174230
USER_010,PROD_0006,view_product,13,SESSION_0021,2026-09-01T06:54:15.174230
USER_026,PROD_0013,browse_products,17,SESSION_0008,2026-09-01T06:58:15.174230
USER_001,PROD_0006,landing,5,SESSION_0017,2026-09-01T07:01:15.174230
USER_014,PROD_0015,landing,110,SESSION_0039,2026-09-01T07:06:15.174230
USER_009,PROD_0001,add_to_cart,113,SESSION_0049,2026-09-01T07:11:15.174230
USER_024,PROD_0006,completed,81,SESSION_0010,2026-09-01T07:19:15.174230
USER_009,PROD_0003,view_product,88,SESSION_0003,2026-09-01T07:20:15.174230
USER_028,PROD_0007,try_ar,68,SESSION_0046,2026-09-01T07:22:15.174230
USER_007,PROD_0015,checkout,48,SESSION_0011,2026-09-01T07:30:15.174230
USER_023,PROD_0003,landing,106,SESSION_0040,2026-09-01T07:42:15.174230
USER_011,PROD_0016,try_ar,24,SESSION_0027,2026-09-01T07:54:15.174230
USER_027,PROD_0004,checkout,55,SESSION_0014,2026-09-01T07:55:15.174230
USER_027,PROD_0001,add_to_cart,21,SESSION_0020,2026-09-01T07:56:15.174230
USER_016,PROD_0003,add_to_cart,3,SESSION_0021,2026-09-01T08:19:15.174230
USER_010,PROD_0005,try_ar,5,SESSION_0001,2026-09-01T08:49:15.174230
USER_028,PROD_0016,try_ar,63,SESSION_0009,2026-09-01T08:55:15.174230
USER_025,PROD_0020,landing,82,SESSION_0027,2026-09-01T09:10:15.174230
USER_001,PROD_0013,view_product,95,SESSION_0020,2026-09-01T09:17:15.174230
USER_006,PROD_0016,add_to_cart,106,SESSION_0002,2026-09-01T09:34:15.174230
USER_027,PROD_0001,view_product,109,SESSION_0001,2026-09-01T09:34:15.174230
USER_019,PROD_0018,landing,99,SESSION_0008,2026-09-01T10:00:15.174230
USER_019,PROD_0018,browse_products,98,SESSION_0012,2026-09-01T10:07:15.174230
USER_005,PROD_0015,completed,1,SESSION_0042,2026-09-01T10:12:15.174230
USER_024,PROD_0011,try_ar,19,SESSION_0006,2026-09-01T10:23:15.174230
USER_012,PROD_0012,landing,110,SESSION_0025,2026-09-01T10:39:15.174230
USER_021,PROD_0017,payment,73,SESSION_0030,2026-09-01T10:55:15.174230
USER_016,PROD_0004,add_to_cart,106,SESSION_0039,2026-09-01T10:58:15.174230
USER_007,PROD_0014,checkout,49,SESSION_0010,2026-09-01T11:12:15.174230
USER_026,PROD_0004,view_product,58,SESSION_0047,2026-09-01T11:19:15.174230
USER_005,PROD_0018,completed,40,SESSION_0029,2026-09-01T11:52:15.174230
USER_028,PROD_0018,try_ar,61,SESSION_0002,2026-09-01T12:29:15.174230
USER_021,PROD_0013,payment,101,SESSION_0033,2026-09-01T12:42:15.174230
USER_019,PROD_0015,completed,21,SESSION_0038,2026-09-01T12:58:15.174230
USER_002,PROD_0006,try_ar,44,SESSION_0029,2026-09-01T13:06:15.174230
USER_017,PROD_0015,add_to_cart,24,SESSION_0047,2026-09-01T13:24:15.174230
USER_028,PROD_0015,checkout,58,SESSION_0041,2026-09-01T13:33:15.174230
USER_022,PROD_0020,checkout,39,SESSION_0009,2026-09-01T13:45:15.174230
USER_015,PROD_0013,browse_products,65,SESSION_0050,2026-09-01T13:47:15.174230
USER_005,PROD_0019,browse_products,90,SESSION_0027,2026-09-01T13:51:15.174230
USER_026,PROD_0011,try_ar,29,SESSION_0003,2026-09-01T13:56:15.174230
USER_003,PROD_0016,payment,23,SESSION_0015,2026-09-01T13:57:15.174230
USER_008,PROD_0012,view_product,25,SESSION_0002,2026-09-01T14:17:15.174230
USER_030,PROD_0020,checkout,44,SESSION_0017,2026-09-01T14:19:15.174230
USER_015,PROD_0001,payment,20,SESSION_0026,2026-09-01T14:30:15.174230
USER_030,PROD_0017,try_ar,109,SESSION_0038,2026-09-01T14:31:15.174230
USER_023,PROD_0013,landing,24,SESSION_0044,2026-09-01T14:36:15.174230
USER_004,PROD_0005,view_product,65,SESSION_0050,2026-09-01T14:41:15.174230
USER_019,PROD_0001,completed,42,SESSION_0006,2026-09-01T14:41:15.174230
USER_011,PROD_0016,try_ar,81,SESSION_0003,2026-09-01T14:51:15.174230
USER_018,PROD_0007,browse_products,40,SESSION_0034,2026-09-01T14:56:15.174230
USER_014,PROD_0005,try_ar,56,SESSION_0008,2026-09-01T14:59:15.174230
USER_010,PROD_0017,checkout,76,SESSION_0003,2026-09-01T15:01:15.174230
USER_023,PROD_0016,completed,60,SESSION_0010,2026-09-01T15:01:15.174230
USER_021,PROD_0005,try_ar,67,SESSION_0018,2026-09-01T15:01:15.174230
USER_006,PROD_0002,try_ar,73,SESSION_0042,2026-09-01T15:08:15.174230
USER_024,PROD_0001,completed,27,SESSION_0020,2026-09-01T15:10:15.174230
USER_002,PROD_0010,browse_products,120,SESSION_0040,2026-09-01T15:42:15.174230
USER_022,PROD_0018,try_ar,111,SESSION_0023,2026-09-01T15:42:15.174230
USER_018,PROD_0005,landing,64,SESSION_0022,2026-09-01T16:13:15.174230
USER_029,PROD_0009,browse_products,117,SESSION_0028,2026-09-01T16:21:15.174230
USER_025,PROD_0020,try_ar,91,SESSION_0028,2026-09-01T16:21:15.174230
USER_019,PROD_0010,try_ar,54,SESSION_0012,2026-09-01T16:38:15.174230
USER_012,PROD_0016,try_ar,42,SESSION_0023,2026-09-01T17:32:15.174230
USER_023,PROD_0012,browse_products,4,SESSION_0021,2026-09-01T17:37:15.174230
